timestamp_utc,time_ns,seconds_elapsed,magneticBearing
2026-09-17T08:01:38.695838,1789632098695838200,0.070838134765625,230.156357911454
2026-09-17T08:01:38.705796,1789632098705796400,0.08079638671875,230.35909854598685
2026-09-17T08:01:38.715755,1789632098715755300,0.09075537109375,229.89869252480025
2026-09-17T08:01:38.725714,1789632098725714200,0.100714111328125,230.07184173211672
2026-09-17T08:01:38.735673,1789632098735673000,0.110673095703125,229.5082946076279
2026-09-17T08:01:38.745631,1789632098745631200,0.12063134765625,229.9960195308674
2026-09-17T08:01:38.755590,1789632098755590100,0.130590087890625,229.8297633325874
2026-09-17T08:01:38.765549,1789632098765549000,0.140549072265625,230.2028729471673
2026-09-17T08:01:38.775507,1789632098775507200,0.150507080078125,230.68888742078713
2026-09-17T08:01:38.785466,1789632098785466000,0.160466064453125,230.2535220306843
2026-09-17T08:01:38.795425,1789632098795425300,0.17042529296875,229.99841374312015
2026-09-17T08:01:38.805384,1789632098805384200,0.18038427734375,229.99841374312015
2026-09-17T08:01:38.815342,1789632098815342000,0.190342041015625,230.1664438292111
2026-09-17T08:01:38.825301,1789632098825301200,0.20030126953125,230.00995052537797
2026-09-17T08:01:38.835260,1789632098835260200,0.21026025390625,230.75294202049344
2026-09-17T08:01:38.845219,1789632098845219000,0.220218994140625,230.0402078119398
2026-09-17T08:01:38.855177,1789632098855177200,0.23017724609375,230.3070887312421
2026-09-17T08:01:38.865136,1789632098865136000,0.24013623046875,231.3093401164193
2026-09-17T08:01:38.875095,1789632098875095000,0.250094970703125,230.77293664512504
2026-09-17T08:01:38.885054,1789632098885054200,0.26005419921875,230.7336654048185
2026-09-17T08:01:38.895012,1789632098895012000,0.27001220703125,230.73615603248896
2026-09-17T08:01:38.904971,1789632098904971000,0.279970947265625,230.5076612093876
2026-09-17T08:01:38.914930,1789632098914930200,0.28993017578125,230.31201189002635
2026-09-17T08:01:38.924888,1789632098924888000,0.29988818359375,230.0297735422943
2026-09-17T08:01:38.934847,1789632098934847200,0.30984716796875,230.46818674386947
2026-09-17T08:01:38.944806,1789632098944806100,0.31980615234375,230.2275695102171
2026-09-17T08:01:38.954765,1789632098954765000,0.32976513671875,230.04121610718263
2026-09-17T08:01:38.964723,1789632098964723200,0.33972314453125,230.38354625825417
2026-09-17T08:01:38.974682,1789632098974682000,0.34968212890625,230.29970400552185
2026-09-17T08:01:38.984641,1789632098984641000,0.35964111328125,230.4594598147622
2026-09-17T08:01:38.994599,1789632098994599200,0.36959912109375,230.32006625501515
2026-09-17T08:01:39.004558,1789632099004558000,0.37955810546875,230.8359466177539
2026-09-17T08:01:39.014516,1789632099014516700,0.389516845703125,230.66522335398557
2026-09-17T08:01:39.024476,1789632099024476000,0.399475830078125,231.09200981123792
2026-09-17T08:01:39.034433,1789632099034433800,0.409433837890625,230.92527706482673
2026-09-17T08:01:39.044392,1789632099044392700,0.419392822265625,230.9319685455274
2026-09-17T08:01:39.054352,1789632099054352000,0.429351806640625,231.1151621180846
2026-09-17T08:01:39.064310,1789632099064310800,0.439310791015625,231.01472646984652
2026-09-17T08:01:39.074269,1789632099074269000,0.44926904296875,230.7534033435064
2026-09-17T08:01:39.084227,1789632099084227800,0.459227783203125,230.7534033435064
2026-09-17T08:01:39.094186,1789632099094186800,0.469186767578125,230.35140609986564
2026-09-17T08:01:39.104145,1789632099104145700,0.479145751953125,230.92165611816552
2026-09-17T08:01:39.114103,1789632099114103800,0.489103759765625,230.99006054914176
2026-09-17T08:01:39.124062,1789632099124062700,0.499062744140625,231.0894554615552
2026-09-17T08:01:39.134021,1789632099134021600,0.509021728515625,231.3062743337082
2026-09-17T08:01:39.143979,1789632099143979800,0.518979736328125,231.39989196599328
2026-09-17T08:01:39.153938,1789632099153938700,0.528938720703125,231.72874365307143
2026-09-17T08:01:39.163897,1789632099163897900,0.53889794921875,231.0767318985683
2026-09-17T08:01:39.173856,1789632099173856800,0.548856689453125,231.67518422464943
2026-09-17T08:01:39.183814,1789632099183814700,0.558814697265625,232.40163685346045
2026-09-17T08:01:39.193773,1789632099193773800,0.56877392578125,232.7033007456065
2026-09-17T08:01:39.203732,1789632099203732700,0.578732666015625,232.52050503254176
2026-09-17T08:01:39.213692,1789632099213692000,0.58869189453125,232.29458792651113
2026-09-17T08:01:39.223649,1789632099223649800,0.59864990234375,231.92810055256223
2026-09-17T08:01:39.233608,1789632099233608700,0.608608642578125,231.35976523353312
2026-09-17T08:01:39.243567,1789632099243567900,0.61856787109375,231.72325066282116
2026-09-17T08:01:39.253525,1789632099253525800,0.62852587890625,231.40717034518687
2026-09-17T08:01:39.263484,1789632099263484700,0.638484619140625,231.92695752486176
2026-09-17T08:01:39.273443,1789632099273443800,0.64844384765625,232.4299847326957
2026-09-17T08:01:39.283403,1789632099283403000,0.658403076171875,231.53336710555783
2026-09-17T08:01:39.293361,1789632099293361000,0.66836083984375,231.6632120811934
2026-09-17T08:01:39.303319,1789632099303319800,0.67831982421875,231.90245996457668
2026-09-17T08:01:39.313279,1789632099313279000,0.688279052734375,231.34835183989176
2026-09-17T08:01:39.323238,1789632099323238000,0.69823779296875,231.1249130793689
2026-09-17T08:01:39.333196,1789632099333196000,0.708196044921875,230.97192942221793
2026-09-17T08:01:39.343155,1789632099343155000,0.718155029296875,229.55028976900277
2026-09-17T08:01:39.353113,1789632099353113900,0.72811376953125,228.58691712838151
2026-09-17T08:01:39.363072,1789632099363072000,0.738072021484375,228.82578810007175
2026-09-17T08:01:39.373031,1789632099373031000,0.748031005859375,228.5112800788828
2026-09-17T08:01:39.382989,1789632099382989800,0.75798974609375,228.88021476311215
2026-09-17T08:01:39.392949,1789632099392949000,0.767948974609375,229.04710096339332
2026-09-17T08:01:39.402907,1789632099402907000,0.777906982421875,229.34995942271956
2026-09-17T08:01:39.412865,1789632099412865800,0.78786572265625,229.99114053868192
2026-09-17T08:01:39.422825,1789632099422825000,0.797824951171875,231.0082291163868
2026-09-17T08:01:39.432784,1789632099432784000,0.807783935546875,232.17428400101153
2026-09-17T08:01:39.442741,1789632099442741800,0.81774169921875,232.61937369601736
2026-09-17T08:01:39.452701,1789632099452701000,0.827700927734375,232.41298486162793
2026-09-17T08:01:39.462659,1789632099462659800,0.837659912109375,233.519044473226
2026-09-17T08:01:39.472618,1789632099472618800,0.84761865234375,233.3518719852333
2026-09-17T08:01:39.482577,1789632099482577000,0.857576904296875,233.1078544836451
2026-09-17T08:01:39.492535,1789632099492535800,0.867535888671875,232.8624854622076
2026-09-17T08:01:39.502494,1789632099502494700,0.87749462890625,233.4612687439921
2026-09-17T08:01:39.512452,1789632099512452900,0.887452880859375,232.90783074843716
2026-09-17T08:01:39.522411,1789632099522411800,0.897411865234375,232.82096379197665
2026-09-17T08:01:39.532370,1789632099532370700,0.90737060546875,232.73721476958283
2026-09-17T08:01:39.542329,1789632099542329900,0.917329833984375,233.27200623397064
2026-09-17T08:01:39.552287,1789632099552287700,0.927287841796875,233.34493390145423
2026-09-17T08:01:39.562247,1789632099562247000,0.937246826171875,234.07250426568828
2026-09-17T08:01:39.572205,1789632099572205800,0.947205810546875,233.6646823325691
2026-09-17T08:01:39.582164,1789632099582164700,0.957164794921875,234.17828547952905
2026-09-17T08:01:39.592123,1789632099592123000,0.967122802734375,233.82767513760064
2026-09-17T08:01:39.602081,1789632099602081800,0.977081787109375,234.23264449335923
2026-09-17T08:01:39.612040,1789632099612040700,0.987040771484375,234.29160078991097
2026-09-17T08:01:39.621998,1789632099621998800,0.996998779296875,234.56543714618908
2026-09-17T08:01:39.631957,1789632099631957800,1.006957763671875,234.47601139315032
2026-09-17T08:01:39.641916,1789632099641916700,1.016916748046875,234.6308363614515
2026-09-17T08:01:39.651875,1789632099651875800,1.026875732421875,234.6308363614515
2026-09-17T08:01:39.661833,1789632099661833700,1.036833740234375,234.73818169118573
2026-09-17T08:01:39.671792,1789632099671792600,1.046792724609375,234.05106955417577
2026-09-17T08:01:39.681751,1789632099681751800,1.056751708984375,233.943852217141
2026-09-17T08:01:39.691711,1789632099691711000,1.0667109375,233.28618810435205
2026-09-17T08:01:39.701668,1789632099701668900,1.0766689453125,233.32649475538224
2026-09-17T08:01:39.711627,1789632099711627800,1.086627685546875,232.7043482380124
2026-09-17T08:01:39.721587,1789632099721587000,1.0965869140625,233.13929199953395
2026-09-17T08:01:39.731545,1789632099731545900,1.1065458984375,233.4252983557228
2026-09-17T08:01:39.741503,1789632099741503700,1.116503662109375,232.99447379263535
2026-09-17T08:01:39.751463,1789632099751463000,1.126462890625,232.6669383711175
2026-09-17T08:01:39.761421,1789632099761421800,1.136421875,232.28143082999088
2026-09-17T08:01:39.771380,1789632099771380000,1.1463798828125,231.9881423671227
2026-09-17T08:01:39.781339,1789632099781339000,1.1563388671875,232.28916620076728
2026-09-17T08:01:39.791297,1789632099791297800,1.1662978515625,232.55010404369605
2026-09-17T08:01:39.801257,1789632099801257000,1.176257080078125,232.2503543426331
2026-09-17T08:01:39.811214,1789632099811214800,1.18621484375,232.65401765885863
2026-09-17T08:01:39.821174,1789632099821174000,1.196174072265625,232.3449381361627
2026-09-17T08:01:39.831133,1789632099831133000,1.2061328125,232.4217808738688
2026-09-17T08:01:39.841091,1789632099841091800,1.216091796875,233.0796442879497
2026-09-17T08:01:39.851050,1789632099851050000,1.226050048828125,233.48380716992364
2026-09-17T08:01:39.861009,1789632099861009000,1.2360087890625,234.2224387604257
2026-09-17T08:01:39.870967,1789632099870967800,1.2459677734375,235.354923913452
2026-09-17T08:01:39.880926,1789632099880926000,1.255926025390625,235.4515666936956
2026-09-17T08:01:39.890884,1789632099890884900,1.265884765625,236.33476160221633
2026-09-17T08:01:39.900843,1789632099900843800,1.27584375,237.34358272131163
2026-09-17T08:01:39.910803,1789632099910803000,1.285802978515625,237.17710812273077
2026-09-17T08:01:39.920760,1789632099920760800,1.2957607421875,237.09903643967908
2026-09-17T08:01:39.930719,1789632099930719700,1.3057197265625,237.09860898503365
2026-09-17T08:01:39.940679,1789632099940679000,1.315678955078125,237.09860898503365
2026-09-17T08:01:39.950637,1789632099950637800,1.325637939453125,237.48174772485345
2026-09-17T08:01:39.960596,1789632099960596000,1.335595947265625,237.89654699869237
2026-09-17T08:01:39.970555,1789632099970555000,1.345554931640625,237.82934762544065
2026-09-17T08:01:39.980513,1789632099980513800,1.355513671875,237.9903080719734
2026-09-17T08:01:39.990472,1789632099990472000,1.365471923828125,238.4969491154783
2026-09-17T08:01:40.000430,1789632100000430800,1.375430908203125,238.0874615448572
2026-09-17T08:01:40.010389,1789632100010389800,1.3853896484375,237.2218187308801
2026-09-17T08:01:40.020348,1789632100020348700,1.3953486328125,237.32737496863413
2026-09-17T08:01:40.030306,1789632100030306800,1.405306884765625,237.35625575431152
2026-09-17T08:01:40.040265,1789632100040265700,1.415265625,236.52265065065143
2026-09-17T08:01:40.050225,1789632100050225000,1.425224853515625,236.54436897486536
2026-09-17T08:01:40.060183,1789632100060183800,1.435183837890625,236.58806765200416
2026-09-17T08:01:40.070141,1789632100070141700,1.4451416015625,235.51151086919003
2026-09-17T08:01:40.080100,1789632100080100900,1.455100830078125,234.6388521141966
2026-09-17T08:01:40.090059,1789632100090059800,1.465059814453125,234.00366328625205
2026-09-17T08:01:40.100017,1789632100100017700,1.475017578125,234.50899138731353
2026-09-17T08:01:40.109976,1789632100109976800,1.484976806640625,234.06955893109108
2026-09-17T08:01:40.119935,1789632100119935700,1.494935791015625,233.50580731842467
2026-09-17T08:01:40.129894,1789632100129894700,1.504894775390625,234.0015098182239
2026-09-17T08:01:40.139852,1789632100139852800,1.514852783203125,233.555120905373
2026-09-17T08:01:40.149811,1789632100149811700,1.524811767578125,233.5612534664811
2026-09-17T08:01:40.159770,1789632100159770600,1.5347705078125,232.61456597505756
2026-09-17T08:01:40.169729,1789632100169729800,1.544729736328125,233.1411142519431
2026-09-17T08:01:40.179687,1789632100179687700,1.554687744140625,231.73341251130375
2026-09-17T08:01:40.189646,1789632100189646800,1.564646728515625,230.618432764084
2026-09-17T08:01:40.199605,1789632100199605800,1.574605712890625,230.78385018648183
2026-09-17T08:01:40.209564,1789632100209564700,1.584564697265625,229.74979325961243
2026-09-17T08:01:40.219522,1789632100219522800,1.594522705078125,229.74979325961243
2026-09-17T08:01:40.229481,1789632100229481700,1.604481689453125,229.7563408950722
2026-09-17T08:01:40.239440,1789632100239440600,1.614440673828125,228.87181162944267
2026-09-17T08:01:40.249398,1789632100249398800,1.624398681640625,228.10568972450272
2026-09-17T08:01:40.259357,1789632100259357700,1.634357666015625,228.15033372889147
2026-09-17T08:01:40.269316,1789632100269316600,1.644316650390625,227.5866373176872
2026-09-17T08:01:40.279275,1789632100279275800,1.65427587890625,227.51745058898356
2026-09-17T08:01:40.289233,1789632100289233700,1.664233642578125,227.3485719645725
2026-09-17T08:01:40.299192,1789632100299192600,1.674192626953125,226.52767307778143
2026-09-17T08:01:40.309151,1789632100309151700,1.68415185546875,226.5341110136296
2026-09-17T08:01:40.319110,1789632100319110700,1.694110595703125,225.5361808137201
2026-09-17T08:01:40.329068,1789632100329068500,1.704068603515625,225.60365188226135
2026-09-17T08:01:40.339027,1789632100339027700,1.71402783203125,224.92071932189285
2026-09-17T08:01:40.348986,1789632100348986600,1.723986572265625,224.4769572754378
2026-09-17T08:01:40.358944,1789632100358944800,1.73394482421875,224.0675856058591
2026-09-17T08:01:40.368903,1789632100368903700,1.743903564453125,223.6358734378864
2026-09-17T08:01:40.378862,1789632100378862600,1.753862548828125,222.58395147566952
2026-09-17T08:01:40.388821,1789632100388821500,1.763821533203125,222.8798560094978
2026-09-17T08:01:40.398779,1789632100398779600,1.773779541015625,222.01775608312147
2026-09-17T08:01:40.408738,1789632100408738600,1.783738525390625,221.2157246394286
2026-09-17T08:01:40.418697,1789632100418697500,1.793697509765625,220.96028438576943
2026-09-17T08:01:40.428657,1789632100428657000,1.803656982421875,220.90999041744703
2026-09-17T08:01:40.438614,1789632100438614500,1.813614501953125,220.4932559513994
2026-09-17T08:01:40.448573,1789632100448573700,1.82357373046875,221.80395888773484
2026-09-17T08:01:40.458532,1789632100458532900,1.833532958984375,221.32434871799
2026-09-17T08:01:40.468490,1789632100468490500,1.843490478515625,220.84501062996543
2026-09-17T08:01:40.478450,1789632100478450000,1.853449951171875,220.88343167765893
2026-09-17T08:01:40.488408,1789632100488408800,1.863408935546875,220.70370534506583
2026-09-17T08:01:40.498367,1789632100498367700,1.87336767578125,220.70370534506583
2026-09-17T08:01:40.508326,1789632100508326000,1.883325927734375,220.20029093656072
2026-09-17T08:01:40.518284,1789632100518284800,1.893284912109375,219.89434802601397
2026-09-17T08:01:40.528243,1789632100528243700,1.90324365234375,218.8924294180252
2026-09-17T08:01:40.538203,1789632100538203000,1.913202880859375,217.65033310979433
2026-09-17T08:01:40.548160,1789632100548160800,1.923160888671875,217.4799578388916
2026-09-17T08:01:40.558119,1789632100558119700,1.93311962890625,217.4555247969905
2026-09-17T08:01:40.568078,1789632100568078800,1.943078857421875,216.9346293934518
2026-09-17T08:01:40.578037,1789632100578037800,1.953037841796875,216.6402873024612
2026-09-17T08:01:40.587995,1789632100587995600,1.96299560546875,217.01294792263812
2026-09-17T08:01:40.597954,1789632100597954800,1.972954833984375,217.06021581723277
2026-09-17T08:01:40.607913,1789632100607913700,1.982913818359375,217.56282938726176
2026-09-17T08:01:40.617872,1789632100617872000,1.992871826171875,216.79054008977857
2026-09-17T08:01:40.627830,1789632100627830800,2.002830810546875,216.0494479328462
2026-09-17T08:01:40.637789,1789632100637789700,2.012789794921875,216.2902120722947
2026-09-17T08:01:40.647748,1789632100647748600,2.02274853515625,215.51951071698457
2026-09-17T08:01:40.657706,1789632100657706800,2.032706787109375,215.49514159312648
2026-09-17T08:01:40.667665,1789632100667665700,2.042665771484375,214.9282184972974
2026-09-17T08:01:40.677624,1789632100677624600,2.05262451171875,214.89061109003023
2026-09-17T08:01:40.687583,1789632100687583700,2.062583740234375,214.36258458912872
2026-09-17T08:01:40.697541,1789632100697541600,2.072541748046875,213.6155893593563
2026-09-17T08:01:40.707500,1789632100707500800,2.082500732421875,213.8880673613072
2026-09-17T08:01:40.717459,1789632100717459700,2.092459716796875,213.68117017906343
2026-09-17T08:01:40.727417,1789632100727417600,2.10241748046875,213.48361978440235
2026-09-17T08:01:40.737376,1789632100737376800,2.112376708984375,213.49394077394123
2026-09-17T08:01:40.747335,1789632100747335700,2.122335693359375,213.70451469668004
2026-09-17T08:01:40.757294,1789632100757294600,2.132294677734375,213.71443571388767
2026-09-17T08:01:40.767252,1789632100767252700,2.142252685546875,213.6209125186268
2026-09-17T08:01:40.777211,1789632100777211600,2.152211669921875,213.84946703281977
2026-09-17T08:01:40.787170,1789632100787170600,2.162170654296875,213.84946703281977
2026-09-17T08:01:40.797129,1789632100797129700,2.172129638671875,214.47373999570195
2026-09-17T08:01:40.807087,1789632100807087600,2.182087646484375,215.1780509312081
2026-09-17T08:01:40.817046,1789632100817046500,2.192046630859375,215.1306238153381
2026-09-17T08:01:40.827005,1789632100827005700,2.202005615234375,215.1291796079957
2026-09-17T08:01:40.836963,1789632100836963600,2.211963623046875,215.0312482143343
2026-09-17T08:01:40.846922,1789632100846922800,2.2219228515625,214.85879904681968
2026-09-17T08:01:40.856881,1789632100856881700,2.231881591796875,214.7731494655932
2026-09-17T08:01:40.866840,1789632100866840600,2.241840576171875,214.4144464651352
2026-09-17T08:01:40.876798,1789632100876798700,2.251798828125,213.65119368306875
2026-09-17T08:01:40.886757,1789632100886757600,2.261757568359375,212.77467190877945
2026-09-17T08:01:40.896716,1789632100896716500,2.271716552734375,212.23889154679208
2026-09-17T08:01:40.906675,1789632100906675700,2.28167578125,211.8828966720087
2026-09-17T08:01:40.916633,1789632100916633600,2.291633544921875,211.12175089929235
2026-09-17T08:01:40.926592,1789632100926592800,2.3015927734375,210.45723856610232
2026-09-17T08:01:40.936552,1789632100936552000,2.311552001953125,210.65262617890687
2026-09-17T08:01:40.946510,1789632100946510800,2.3215107421875,210.27336828258643
2026-09-17T08:01:40.956468,1789632100956468700,2.33146875,209.3228003944824
2026-09-17T08:01:40.966428,1789632100966428000,2.341427978515625,208.812141543675
2026-09-17T08:01:40.976386,1789632100976386800,2.35138671875,208.24139222099544
2026-09-17T08:01:40.986344,1789632100986344700,2.3613447265625,207.4013147812766
2026-09-17T08:01:40.996304,1789632100996304000,2.371303955078125,206.55975342188864
2026-09-17T08:01:41.006262,1789632101006262800,2.3812626953125,205.4366017919161
2026-09-17T08:01:41.016221,1789632101016221400,2.391221435546875,204.18651280781015
2026-09-17T08:01:41.026179,1789632101026179600,2.4011796875,203.5394617795606
2026-09-17T08:01:41.036138,1789632101036138500,2.411138427734375,203.103719297986
2026-09-17T08:01:41.046097,1789632101046097400,2.421097412109375,202.49939948516695
2026-09-17T08:01:41.056056,1789632101056056600,2.431056640625,202.1560242549268
2026-09-17T08:01:41.066014,1789632101066014500,2.441014404296875,203.2876715034294
2026-09-17T08:01:41.075973,1789632101075973600,2.4509736328125,202.78737445019107
2026-09-17T08:01:41.085932,1789632101085932500,2.4609326171875,202.5709714481104
2026-09-17T08:01:41.095890,1789632101095890400,2.470890380859375,202.45213513269528
2026-09-17T08:01:41.105849,1789632101105849600,2.480849609375,202.25102609029332
2026-09-17T08:01:41.115808,1789632101115808500,2.49080859375,202.08103429037604
2026-09-17T08:01:41.125767,1789632101125767400,2.500767333984375,202.38542523230404
2026-09-17T08:01:41.135725,1789632101135725600,2.5107255859375,202.1432367691608
2026-09-17T08:01:41.145684,1789632101145684500,2.5206845703125,201.42181264615343
2026-09-17T08:01:41.155643,1789632101155643400,2.530643310546875,201.2074086243321
2026-09-17T08:01:41.165602,1789632101165602600,2.5406025390625,200.79419177185505
2026-09-17T08:01:41.175560,1789632101175560400,2.550560546875,201.0919300884051
2026-09-17T08:01:41.185519,1789632101185519400,2.560519287109375,201.06420482379403
2026-09-17T08:01:41.195478,1789632101195478500,2.570478515625,201.2828269692665
2026-09-17T08:01:41.205437,1789632101205437400,2.5804375,201.302354054153
2026-09-17T08:01:41.215395,1789632101215395300,2.590395263671875,200.8851550518605
2026-09-17T08:01:41.225354,1789632101225354500,2.6003544921875,200.39449075489247
2026-09-17T08:01:41.235313,1789632101235313400,2.6103134765625,200.22065564341537
2026-09-17T08:01:41.245271,1789632101245271600,2.620271484375,200.70759273955315
2026-09-17T08:01:41.255230,1789632101255230500,2.63023046875,200.56217188274184
2026-09-17T08:01:41.265189,1789632101265189400,2.640189453125,199.98613373006552
2026-09-17T08:01:41.275148,1789632101275148300,2.650148193359375,199.58770828153325
2026-09-17T08:01:41.285106,1789632101285106400,2.6601064453125,199.57908502201423
2026-09-17T08:01:41.295065,1789632101295065300,2.6700654296875,199.7972504065985
2026-09-17T08:01:41.305024,1789632101305024500,2.6800244140625,199.33506631034572
2026-09-17T08:01:41.314983,1789632101314983700,2.689983642578125,199.7132786737199
2026-09-17T08:01:41.324941,1789632101324941300,2.69994140625,199.72287696675497
2026-09-17T08:01:41.334900,1789632101334900700,2.709900634765625,199.7487724903116
2026-09-17T08:01:41.344859,1789632101344859600,2.719859619140625,199.66399822735212
2026-09-17T08:01:41.354818,1789632101354818600,2.729818603515625,199.66399822735212
2026-09-17T08:01:41.364776,1789632101364776700,2.739776611328125,199.72426255500716
2026-09-17T08:01:41.374735,1789632101374735600,2.749735595703125,199.02146623707816
2026-09-17T08:01:41.384694,1789632101384694500,2.759694580078125,198.6032929396978
2026-09-17T08:01:41.394652,1789632101394652700,2.769652587890625,198.54438224212552
2026-09-17T08:01:41.404611,1789632101404611600,2.779611572265625,198.1693618797315
2026-09-17T08:01:41.414570,1789632101414570500,2.789570556640625,197.36589529033907
2026-09-17T08:01:41.424529,1789632101424529700,2.79952978515625,197.37556603393517
2026-09-17T08:01:41.434487,1789632101434487600,2.809487548828125,197.7440445769471
2026-09-17T08:01:41.444446,1789632101444446500,2.819446533203125,197.8198245447185
2026-09-17T08:01:41.454405,1789632101454405600,2.829405517578125,198.08661328521197
2026-09-17T08:01:41.464364,1789632101464364500,2.839364501953125,197.5248249950402
2026-09-17T08:01:41.474322,1789632101474322400,2.849322509765625,197.7871691804923
2026-09-17T08:01:41.484281,1789632101484281600,2.859281494140625,197.5654602846843
2026-09-17T08:01:41.494240,1789632101494240500,2.869240478515625,197.52235355736312
2026-09-17T08:01:41.504199,1789632101504199400,2.879199462890625,197.54058139651772
2026-09-17T08:01:41.514157,1789632101514157600,2.889157470703125,197.5249344704557
2026-09-17T08:01:41.524116,1789632101524116500,2.899116455078125,197.4178441390308
2026-09-17T08:01:41.534075,1789632101534075400,2.909075439453125,197.15695032165655
2026-09-17T08:01:41.544033,1789632101544033500,2.919033447265625,196.63076851321216
2026-09-17T08:01:41.553992,1789632101553992400,2.928992431640625,196.44475127801817
2026-09-17T08:01:41.563951,1789632101563951600,2.93895166015625,195.88527711771232
2026-09-17T08:01:41.573910,1789632101573910500,2.94891064453125,195.78574476961012
2026-09-17T08:01:41.583868,1789632101583868400,2.958868408203125,195.39545341153388
2026-09-17T08:01:41.593827,1789632101593827600,2.96882763671875,195.40484594690287
2026-09-17T08:01:41.603786,1789632101603786500,2.978786376953125,195.42975788244817
2026-09-17T08:01:41.613745,1789632101613745400,2.988745361328125,195.58701537715177
2026-09-17T08:01:41.623703,1789632101623703600,2.99870361328125,195.53315347587656
2026-09-17T08:01:41.633662,1789632101633662500,3.008662353515625,195.53315347587656
2026-09-17T08:01:41.643621,1789632101643621400,3.018621337890625,195.25859956439393
2026-09-17T08:01:41.653580,1789632101653580500,3.02858056640625,195.28881041312303
2026-09-17T08:01:41.663538,1789632101663538400,3.038538330078125,195.54858397630497
2026-09-17T08:01:41.673497,1789632101673497300,3.048497314453125,195.40675249261432
2026-09-17T08:01:41.683456,1789632101683456500,3.05845654296875,195.2946125118854
2026-09-17T08:01:41.693414,1789632101693414400,3.068414306640625,195.61842312235223
2026-09-17T08:01:41.703373,1789632101703373300,3.078373291015625,196.1307509831705
2026-09-17T08:01:41.713332,1789632101713332500,3.08833251953125,196.4782179144892
2026-09-17T08:01:41.723291,1789632101723291400,3.09829150390625,197.19180809610083
2026-09-17T08:01:41.733249,1789632101733249500,3.10824951171875,197.8242222610309
2026-09-17T08:01:41.743208,1789632101743208400,3.11820849609375,198.31029657292177
2026-09-17T08:01:41.753167,1789632101753167400,3.12816748046875,197.96546924319296
2026-09-17T08:01:41.763126,1789632101763126500,3.13812646484375,197.88351408645477
2026-09-17T08:01:41.773084,1789632101773084400,3.14808447265625,197.1731506834708
2026-09-17T08:01:41.783043,1789632101783043300,3.158043212890625,196.6358095957136
2026-09-17T08:01:41.793002,1789632101793002500,3.16800244140625,196.36271677565625
2026-09-17T08:01:41.802960,1789632101802960400,3.17796044921875,195.5920516761715
2026-09-17T08:01:41.812919,1789632101812919600,3.18791943359375,195.59837252119837
2026-09-17T08:01:41.822878,1789632101822878700,3.197878662109375,195.41440071698324
2026-09-17T08:01:41.832837,1789632101832837600,3.207837646484375,195.97590371466612
2026-09-17T08:01:41.842795,1789632101842795500,3.21779541015625,195.7720679728405
2026-09-17T08:01:41.852754,1789632101852754700,3.227754638671875,196.5423165801061
2026-09-17T08:01:41.862713,1789632101862713600,3.237713623046875,196.4415874450908
2026-09-17T08:01:41.872672,1789632101872672500,3.247672607421875,196.3187985421605
2026-09-17T08:01:41.882630,1789632101882630700,3.257630615234375,195.9764518605283
2026-09-17T08:01:41.892589,1789632101892589600,3.267589599609375,196.4900419161706
2026-09-17T08:01:41.902548,1789632101902548500,3.277548583984375,196.35361940054665
2026-09-17T08:01:41.912507,1789632101912507600,3.287507568359375,196.35361940054665
2026-09-17T08:01:41.922465,1789632101922465500,3.297465576171875,196.00485167156165
2026-09-17T08:01:41.932424,1789632101932424400,3.307424560546875,196.05685304301215
2026-09-17T08:01:41.942383,1789632101942383600,3.317383544921875,195.5758077415736
2026-09-17T08:01:41.952341,1789632101952341500,3.327341552734375,195.18527540548016
2026-09-17T08:01:41.962300,1789632101962300400,3.337300537109375,195.2097404142611
2026-09-17T08:01:41.972259,1789632101972259600,3.347259521484375,195.4888504536169
2026-09-17T08:01:41.982218,1789632101982218500,3.357218505859375,195.1237213827181
2026-09-17T08:01:41.992176,1789632101992176600,3.3671767578125,195.2532953985624
2026-09-17T08:01:42.002135,1789632102002135600,3.377135498046875,194.95262734960264
2026-09-17T08:01:42.012094,1789632102012094700,3.3870947265625,195.01018374319017
2026-09-17T08:01:42.022053,1789632102022053600,3.3970537109375,194.82810010705467
2026-09-17T08:01:42.032011,1789632102032011800,3.40701171875,194.8944444970146
2026-09-17T08:01:42.041970,1789632102041970700,3.416970703125,194.8205617671015
2026-09-17T08:01:42.051929,1789632102051929900,3.426929931640625,194.95242704822795
2026-09-17T08:01:42.061889,1789632102061889000,3.436888916015625,194.57126052243817
2026-09-17T08:01:42.071846,1789632102071846700,3.4468466796875,194.12947143114732
2026-09-17T08:01:42.081805,1789632102081805800,3.456805908203125,194.5262947851535
2026-09-17T08:01:42.091765,1789632102091765000,3.466764892578125,194.48214119728303
2026-09-17T08:01:42.101722,1789632102101722600,3.47672265625,193.81893592112831
2026-09-17T08:01:42.111682,1789632102111682000,3.48668212890625,193.51597920955857
2026-09-17T08:01:42.121641,1789632102121641000,3.496640869140625,193.04829150326177
2026-09-17T08:01:42.131600,1789632102131600000,3.506599853515625,193.27288995254997
2026-09-17T08:01:42.141558,1789632102141558000,3.51655810546875,192.63278933454689
2026-09-17T08:01:42.151517,1789632102151517000,3.526516845703125,191.94769172202976
2026-09-17T08:01:42.161475,1789632102161475800,3.536475830078125,191.80721998214528
2026-09-17T08:01:42.171434,1789632102171434800,3.546434814453125,191.41259534809407
2026-09-17T08:01:42.181393,1789632102181393000,3.556392822265625,191.18241025036997
2026-09-17T08:01:42.191351,1789632102191351800,3.566351806640625,191.0522021148492
2026-09-17T08:01:42.201311,1789632102201311000,3.57631103515625,191.0522021148492
2026-09-17T08:01:42.211270,1789632102211270000,3.586269775390625,190.79889619529516
2026-09-17T08:01:42.221227,1789632102221227800,3.596227783203125,190.64120459996073
2026-09-17T08:01:42.231187,1789632102231187000,3.60618701171875,190.4540099986283
2026-09-17T08:01:42.241145,1789632102241145900,3.616145751953125,190.24552336290017
2026-09-17T08:01:42.251104,1789632102251104000,3.62610400390625,190.0629363803417
2026-09-17T08:01:42.261063,1789632102261063000,3.63606298828125,189.5328320061519
2026-09-17T08:01:42.271021,1789632102271021800,3.646021728515625,189.66744161963356
2026-09-17T08:01:42.280980,1789632102280980700,3.655980712890625,189.50026358828197
2026-09-17T08:01:42.290939,1789632102290939000,3.66593896484375,189.7141916149151
2026-09-17T08:01:42.300897,1789632102300897800,3.675897705078125,189.63975682348607
2026-09-17T08:01:42.310856,1789632102310856700,3.685856689453125,189.68469809086423
2026-09-17T08:01:42.320815,1789632102320815900,3.69581591796875,189.75571703141304
2026-09-17T08:01:42.330773,1789632102330773800,3.705773681640625,189.8872326553318
2026-09-17T08:01:42.340733,1789632102340733000,3.71573291015625,189.4150859967233
2026-09-17T08:01:42.350691,1789632102350691800,3.72569189453125,189.3435020455943
2026-09-17T08:01:42.360650,1789632102360650800,3.735650634765625,189.107525823997
2026-09-17T08:01:42.370609,1789632102370609000,3.74560888671875,188.97623553193645
2026-09-17T08:01:42.380567,1789632102380567800,3.75556787109375,188.9969223624485
2026-09-17T08:01:42.390526,1789632102390526700,3.765526611328125,188.62214795130055
2026-09-17T08:01:42.400484,1789632102400484900,3.77548486328125,188.64580626724057
2026-09-17T08:01:42.410443,1789632102410443800,3.78544384765625,188.44725286183947
2026-09-17T08:01:42.420402,1789632102420402700,3.795402587890625,187.9966667182366
2026-09-17T08:01:42.430361,1789632102430361900,3.80536181640625,188.24562702974544
2026-09-17T08:01:42.440319,1789632102440319700,3.81531982421875,188.40520114417083
2026-09-17T08:01:42.450278,1789632102450278700,3.825278564453125,188.29876945611633
2026-09-17T08:01:42.460237,1789632102460237800,3.83523779296875,188.6145472849155
2026-09-17T08:01:42.470196,1789632102470196700,3.84519677734375,189.3004865761608
2026-09-17T08:01:42.480155,1789632102480155000,3.85515478515625,189.3004865761608
2026-09-17T08:01:42.490113,1789632102490113800,3.86511376953125,189.4972506528638
2026-09-17T08:01:42.500072,1789632102500072700,3.87507275390625,189.47390640363864
2026-09-17T08:01:42.510032,1789632102510032000,3.885031982421875,189.5211773036995
2026-09-17T08:01:42.519989,1789632102519989800,3.89498974609375,189.3984094104204
2026-09-17T08:01:42.529949,1789632102529949000,3.904948974609375,189.7601321687232
2026-09-17T08:01:42.539907,1789632102539907800,3.914907958984375,189.9374378800713
2026-09-17T08:01:42.549865,1789632102549865700,3.92486572265625,189.64752850524025
2026-09-17T08:01:42.559825,1789632102559825000,3.934824951171875,189.59755544834303
2026-09-17T08:01:42.569783,1789632102569783800,3.94478369140625,189.6877144795728
2026-09-17T08:01:42.579743,1789632102579743000,3.954742919921875,189.8001709998165
2026-09-17T08:01:42.589700,1789632102589700900,3.964700927734375,190.40402402372789
2026-09-17T08:01:42.599660,1789632102599660000,3.974659912109375,190.0116304083068
2026-09-17T08:01:42.609619,1789632102609619000,3.984618896484375,189.9121329919524
2026-09-17T08:01:42.619577,1789632102619577900,3.994577880859375,189.95471072180376
2026-09-17T08:01:42.629536,1789632102629536000,4.004535888671875,190.16906305709455
2026-09-17T08:01:42.639495,1789632102639495000,4.014494873046875,190.16393363876904
2026-09-17T08:01:42.649453,1789632102649453800,4.024453857421875,190.26653109553553
2026-09-17T08:01:42.659412,1789632102659412700,4.034412841796875,190.17287275121973
2026-09-17T08:01:42.669371,1789632102669371000,4.044370849609375,190.34008856543824
2026-09-17T08:01:42.679329,1789632102679329800,4.054329833984375,190.41229808373976
2026-09-17T08:01:42.689289,1789632102689289000,4.0642890625,190.70996352862863
2026-09-17T08:01:42.699246,1789632102699246800,4.074246826171875,190.39117652878284
2026-09-17T08:01:42.709205,1789632102709205800,4.084205810546875,190.67964069446103
2026-09-17T08:01:42.719165,1789632102719165000,4.0941650390625,190.3803742953486
2026-09-17T08:01:42.729123,1789632102729123800,4.104123779296875,190.011584556491
2026-09-17T08:01:42.739082,1789632102739082000,4.11408203125,190.280986645571
2026-09-17T08:01:42.749041,1789632102749041000,4.124041015625,190.2076530907192
2026-09-17T08:01:42.758999,1789632102758999800,4.133999755859375,190.43459372272804
2026-09-17T08:01:42.768958,1789632102768958700,4.143958740234375,190.43459372272804
2026-09-17T08:01:42.778916,1789632102778916900,4.153916748046875,190.32919302604597
2026-09-17T08:01:42.788875,1789632102788875800,4.163875732421875,190.28470342840723
2026-09-17T08:01:42.798834,1789632102798834700,4.173834716796875,190.435064817735
2026-09-17T08:01:42.808793,1789632102808793900,4.1837939453125,190.37203585722753
2026-09-17T08:01:42.818751,1789632102818751700,4.193751708984375,190.764703006092
2026-09-17T08:01:42.828711,1789632102828711000,4.2037109375,191.09017342975451
2026-09-17T08:01:42.838669,1789632102838669800,4.213669921875,191.7050401418552
2026-09-17T08:01:42.848627,1789632102848627700,4.223627685546875,192.13657937719148
2026-09-17T08:01:42.858587,1789632102858587000,4.2335869140625,192.84560972610055
2026-09-17T08:01:42.868545,1789632102868545800,4.2435458984375,193.422057183899
2026-09-17T08:01:42.878504,1789632102878504700,4.253504638671875,194.018098118757
2026-09-17T08:01:42.888462,1789632102888462800,4.263462890625,194.21572622990425
2026-09-17T08:01:42.898421,1789632102898421800,4.273421875,194.59099829304293
2026-09-17T08:01:42.908380,1789632102908380700,4.283380615234375,193.8225099821339
2026-09-17T08:01:42.918339,1789632102918339800,4.29333984375,194.2887715340808
2026-09-17T08:01:42.928297,1789632102928297700,4.303297607421875,194.36933402020424
2026-09-17T08:01:42.938256,1789632102938256600,4.313256591796875,194.2541085318553
2026-09-17T08:01:42.948215,1789632102948215800,4.3232158203125,194.15202241555093
2026-09-17T08:01:42.958175,1789632102958175000,4.333175048828125,194.57014417359977
2026-09-17T08:01:42.968132,1789632102968132600,4.343132568359375,194.4901850039062
2026-09-17T08:01:42.978091,1789632102978091800,4.353091796875,194.525874685496
2026-09-17T08:01:42.988051,1789632102988051000,4.363051025390625,194.9597053907933
2026-09-17T08:01:42.998008,1789632102998008800,4.3730087890625,194.68655973314785
2026-09-17T08:01:43.007968,1789632103007968000,4.382968017578125,195.35618763157
2026-09-17T08:01:43.017927,1789632103017927200,4.39292724609375,195.7056029577516
2026-09-17T08:01:43.027886,1789632103027886000,4.402885986328125,195.5466438026596
2026-09-17T08:01:43.037844,1789632103037844200,4.41284423828125,195.8246350352859
2026-09-17T08:01:43.047803,1789632103047803100,4.42280322265625,195.8246350352859
2026-09-17T08:01:43.057762,1789632103057762000,4.432761962890625,196.0150238268035
2026-09-17T08:01:43.067721,1789632103067721200,4.44272119140625,195.81843451042673
2026-09-17T08:01:43.077679,1789632103077679000,4.45267919921875,196.04121680393828
2026-09-17T08:01:43.087638,1789632103087638000,4.462637939453125,196.25929761700496
2026-09-17T08:01:43.097597,1789632103097597200,4.47259716796875,196.30333788551292
2026-09-17T08:01:43.107556,1789632103107556000,4.48255615234375,196.17420937109375
2026-09-17T08:01:43.117514,1789632103117514200,4.49251416015625,196.37566701624223
2026-09-17T08:01:43.127473,1789632103127473200,4.50247314453125,196.48493005101568
2026-09-17T08:01:43.137432,1789632103137432000,4.51243212890625,196.54808088001943
2026-09-17T08:01:43.147390,1789632103147390200,4.52239013671875,196.31688742824028
2026-09-17T08:01:43.157349,1789632103157349000,4.53234912109375,196.31384654518408
2026-09-17T08:01:43.167308,1789632103167308000,4.54230810546875,196.1345640952503
2026-09-17T08:01:43.177267,1789632103177267200,4.55226708984375,195.7762839526836
2026-09-17T08:01:43.187225,1789632103187225000,4.56222509765625,195.1589676574362
2026-09-17T08:01:43.197184,1789632103197184000,4.57218408203125,195.28087054128952
2026-09-17T08:01:43.207143,1789632103207143200,4.58214306640625,195.4488147722263
2026-09-17T08:01:43.217102,1789632103217102000,4.59210205078125,195.28104728413544
2026-09-17T08:01:43.227060,1789632103227060000,4.60206005859375,194.87698453266916
2026-09-17T08:01:43.237019,1789632103237019100,4.61201904296875,194.4995067790848
2026-09-17T08:01:43.246978,1789632103246978000,4.62197802734375,194.23856437139185
2026-09-17T08:01:43.256937,1789632103256937000,4.63193701171875,193.71775530134727
2026-09-17T08:01:43.266895,1789632103266895000,4.64189501953125,193.1324789377385
2026-09-17T08:01:43.276854,1789632103276854000,4.65185400390625,193.5285354696002
2026-09-17T08:01:43.286813,1789632103286813000,4.66181298828125,193.29679729907133
2026-09-17T08:01:43.296772,1789632103296772400,4.6717724609375,193.6090798043759
2026-09-17T08:01:43.306730,1789632103306730000,4.68172998046875,193.630491002598
2026-09-17T08:01:43.316689,1789632103316689000,4.69168896484375,194.01769978237328
2026-09-17T08:01:43.326648,1789632103326648300,4.7016484375,194.01769978237328
2026-09-17T08:01:43.336606,1789632103336606000,4.71160595703125,194.19940751250175
2026-09-17T08:01:43.346565,1789632103346565000,4.721565185546875,194.6763469235916
2026-09-17T08:01:43.356524,1789632103356524300,4.731524169921875,194.93887528157464
2026-09-17T08:01:43.366483,1789632103366483200,4.741483154296875,195.13102567861583
2026-09-17T08:01:43.376441,1789632103376441300,4.75144140625,195.40451285241383
2026-09-17T08:01:43.386400,1789632103386400300,4.761400146484375,194.98421195665017
2026-09-17T08:01:43.396359,1789632103396359200,4.771359130859375,195.2524965785603
2026-09-17T08:01:43.406318,1789632103406318000,4.781318115234375,195.22029740385088
2026-09-17T08:01:43.416276,1789632103416276200,4.791276123046875,195.47668357604977
2026-09-17T08:01:43.426235,1789632103426235100,4.801235107421875,195.68397198936435
2026-09-17T08:01:43.436194,1789632103436194300,4.8111943359375,196.24302411233143
2026-09-17T08:01:43.446153,1789632103446153200,4.8211533203125,196.05250774476016
2026-09-17T08:01:43.456111,1789632103456111000,4.831111083984375,195.9884632901446
2026-09-17T08:01:43.466070,1789632103466070300,4.8410703125,195.10989192312988
2026-09-17T08:01:43.476029,1789632103476029200,4.851029296875,194.41663445130868
2026-09-17T08:01:43.485987,1789632103485987000,4.860987060546875,193.78446348100564
2026-09-17T08:01:43.495946,1789632103495946200,4.8709462890625,193.08338201594972
2026-09-17T08:01:43.505905,1789632103505905200,4.8809052734375,192.82096592024536
2026-09-17T08:01:43.515864,1789632103515864000,4.890864013671875,192.31903443815824
2026-09-17T08:01:43.525822,1789632103525822200,4.900822265625,192.08099277485388
2026-09-17T08:01:43.535781,1789632103535781000,4.910781005859375,191.72880973273
2026-09-17T08:01:43.545740,1789632103545740000,4.920739990234375,191.59506542550795
2026-09-17T08:01:43.555699,1789632103555699200,4.93069921875,191.4026331075445
2026-09-17T08:01:43.565657,1789632103565657000,4.940656982421875,191.3344484830853
2026-09-17T08:01:43.575616,1789632103575616000,4.950615966796875,191.5013402013612
2026-09-17T08:01:43.585575,1789632103585575200,4.9605751953125,191.93240636154053
2026-09-17T08:01:43.595534,1789632103595534000,4.9705341796875,192.00851439247475
2026-09-17T08:01:43.605492,1789632103605492200,4.9804921875,192.4346141364028
2026-09-17T08:01:43.615451,1789632103615451100,4.990451171875,192.4346141364028
2026-09-17T08:01:43.625410,1789632103625410000,5.00041015625,192.9068866509151
2026-09-17T08:01:43.635369,1789632103635369000,5.010368896484375,193.35338420489603
2026-09-17T08:01:43.645327,1789632103645327000,5.0203271484375,193.3273440953462
2026-09-17T08:01:43.655286,1789632103655286000,5.0302861328125,193.53191472754344
2026-09-17T08:01:43.665245,1789632103665245200,5.0402451171875,193.26044172831828
2026-09-17T08:01:43.675203,1789632103675203000,5.050203125,192.92089018717544
2026-09-17T08:01:43.685162,1789632103685162000,5.060161865234375,193.02920250568815
2026-09-17T08:01:43.695121,1789632103695121200,5.07012109375,192.81373328331256
2026-09-17T08:01:43.705080,1789632103705080000,5.080080078125,192.3492097421274
2026-09-17T08:01:43.715038,1789632103715038000,5.090037841796875,192.35063893495052
2026-09-17T08:01:43.724997,1789632103724997000,5.0999970703125,192.15579651530587
2026-09-17T08:01:43.734956,1789632103734956000,5.1099560546875,192.08954512829405
2026-09-17T08:01:43.744915,1789632103744915000,5.1199150390625,192.01549615978703
2026-09-17T08:01:43.754873,1789632103754873000,5.129873046875,192.11954371038956
2026-09-17T08:01:43.764832,1789632103764832000,5.13983203125,192.1024057855793
2026-09-17T08:01:43.774791,1789632103774791200,5.149791259765625,192.09226175740696
2026-09-17T08:01:43.784750,1789632103784750300,5.159750244140625,191.9833138170405
2026-09-17T08:01:43.794708,1789632103794708000,5.1697080078125,192.182946575066
2026-09-17T08:01:43.804667,1789632103804667100,5.179667236328125,192.0074819252593
2026-09-17T08:01:43.814626,1789632103814626300,5.189626220703125,192.1896909915528
2026-09-17T08:01:43.824584,1789632103824584000,5.199583984375,192.24307746640704
2026-09-17T08:01:43.834543,1789632103834543000,5.209543212890625,192.28956315299203
2026-09-17T08:01:43.844502,1789632103844502300,5.219502197265625,192.1109444368512
2026-09-17T08:01:43.854461,1789632103854461200,5.229461181640625,192.36060564262792
2026-09-17T08:01:43.864419,1789632103864419300,5.23941943359375,192.50583364195109
2026-09-17T08:01:43.874378,1789632103874378200,5.249378173828125,192.31087874517112
2026-09-17T08:01:43.884337,1789632103884337200,5.259337158203125,192.4809316624692
2026-09-17T08:01:43.894296,1789632103894296000,5.269296142578125,192.4809316624692
2026-09-17T08:01:43.904254,1789632103904254200,5.279254150390625,192.789930308824
2026-09-17T08:01:43.914213,1789632103914213000,5.289213134765625,193.0378038332132
2026-09-17T08:01:43.924172,1789632103924172300,5.29917236328125,192.9134623928853
2026-09-17T08:01:43.934131,1789632103934131200,5.309131103515625,193.12170590361188
2026-09-17T08:01:43.944089,1789632103944089000,5.319089111328125,192.9602021203308
2026-09-17T08:01:43.954048,1789632103954048300,5.32904833984375,193.45450834216925
2026-09-17T08:01:43.964007,1789632103964007200,5.339007080078125,194.10137372802708
2026-09-17T08:01:43.973966,1789632103973966000,5.348966064453125,194.90986248289985
2026-09-17T08:01:43.983924,1789632103983924200,5.35892431640625,195.68739642203704
2026-09-17T08:01:43.993883,1789632103993883100,5.368883056640625,196.35160184985236
2026-09-17T08:01:44.003842,1789632104003842000,5.378842041015625,197.01403076738328
2026-09-17T08:01:44.013799,1789632104013799200,5.388799072265625,197.35476063488687
2026-09-17T08:01:44.023758,1789632104023758000,5.398758056640625,197.77400254851617
2026-09-17T08:01:44.033717,1789632104033717200,5.40871728515625,197.6685533929129
2026-09-17T08:01:44.043676,1789632104043676200,5.41867626953125,197.39685834093737
2026-09-17T08:01:44.053634,1789632104053634000,5.428634033203125,197.23268713274135
2026-09-17T08:01:44.063593,1789632104063593200,5.43859326171875,197.25900959401145
2026-09-17T08:01:44.073552,1789632104073552100,5.44855224609375,197.27619005492795
2026-09-17T08:01:44.083511,1789632104083511000,5.458510986328125,197.50692724405852
2026-09-17T08:01:44.093469,1789632104093469200,5.46846923828125,197.46127798124164
2026-09-17T08:01:44.103428,1789632104103428000,5.478427978515625,197.50730488934835
2026-09-17T08:01:44.113387,1789632104113387000,5.488386962890625,197.83483648634297
2026-09-17T08:01:44.123346,1789632104123346200,5.49834619140625,198.14671331764356
2026-09-17T08:01:44.133304,1789632104133304000,5.508303955078125,198.99800791008408
2026-09-17T08:01:44.143263,1789632104143263000,5.518262939453125,199.67763809797572
2026-09-17T08:01:44.153222,1789632104153222100,5.52822216796875,200.22265475457127
2026-09-17T08:01:44.163181,1789632104163181000,5.53818115234375,200.87476495019348
2026-09-17T08:01:44.173139,1789632104173139200,5.54813916015625,201.34925438437347
2026-09-17T08:01:44.183098,1789632104183098000,5.55809814453125,201.3728211427171
2026-09-17T08:01:44.193057,1789632104193057000,5.56805712890625,202.0037592520177
2026-09-17T08:01:44.203015,1789632104203015200,5.57801513671875,202.15790219019473
2026-09-17T08:01:44.212974,1789632104212974000,5.58797412109375,202.59556679021497
2026-09-17T08:01:44.222933,1789632104222933000,5.59793310546875,202.79563671210477
2026-09-17T08:01:44.232892,1789632104232892200,5.60789208984375,202.9347598435566
2026-09-17T08:01:44.242850,1789632104242850000,5.61785009765625,202.7520097959303
2026-09-17T08:01:44.252809,1789632104252809000,5.62780908203125,202.49346140827004
2026-09-17T08:01:44.262768,1789632104262768000,5.63776806640625,202.4409075735483
2026-09-17T08:01:44.272727,1789632104272727000,5.64772705078125,202.43855136230903
2026-09-17T08:01:44.282685,1789632104282685000,5.657684814453125,202.49208639347617
2026-09-17T08:01:44.292644,1789632104292644000,5.66764404296875,202.1467383756988
2026-09-17T08:01:44.302603,1789632104302603000,5.67760302734375,201.95491155734965
2026-09-17T08:01:44.312562,1789632104312562000,5.68756201171875,201.58252077235343
2026-09-17T08:01:44.322520,1789632104322520000,5.69752001953125,201.50247726016408
2026-09-17T08:01:44.332479,1789632104332479000,5.70747900390625,201.69404990753023
2026-09-17T08:01:44.342438,1789632104342438000,5.71743798828125,201.55442509998232
2026-09-17T08:01:44.352396,1789632104352396000,5.72739599609375,201.54333644131032
2026-09-17T08:01:44.362355,1789632104362355000,5.73735498046875,201.7010591726796
2026-09-17T08:01:44.372313,1789632104372313900,5.74731396484375,201.26938814500983
2026-09-17T08:01:44.382273,1789632104382273300,5.757273193359375,200.9020229586654
2026-09-17T08:01:44.392231,1789632104392231000,5.76723095703125,200.64458096102103
2026-09-17T08:01:44.402190,1789632104402190000,5.777190185546875,200.30562939131087
2026-09-17T08:01:44.412149,1789632104412149200,5.787149169921875,199.98099185029375
2026-09-17T08:01:44.422108,1789632104422108200,5.797108154296875,199.8791401759303
2026-09-17T08:01:44.432066,1789632104432066000,5.807066162109375,199.49899589623791
2026-09-17T08:01:44.442025,1789632104442025200,5.817025146484375,199.6571120768102
2026-09-17T08:01:44.451984,1789632104451984100,5.826984130859375,199.40909964987955
2026-09-17T08:01:44.461943,1789632104461943000,5.836943115234375,199.40909964987955
2026-09-17T08:01:44.471901,1789632104471901200,5.846901123046875,199.19489121198797
2026-09-17T08:01:44.481860,1789632104481860000,5.856860107421875,199.38028284895427
2026-09-17T08:01:44.491819,1789632104491819300,5.8668193359375,199.85297185075729
2026-09-17T08:01:44.501777,1789632104501777200,5.876777099609375,199.9725791122291
2026-09-17T08:01:44.511736,1789632104511736000,5.886736083984375,200.24736951817437
2026-09-17T08:01:44.521695,1789632104521695200,5.8966953125,200.64182038522057
2026-09-17T08:01:44.531654,1789632104531654100,5.906654052734375,201.15010195583264
2026-09-17T08:01:44.541612,1789632104541612000,5.916612060546875,201.49073079947468
2026-09-17T08:01:44.551571,1789632104551571200,5.9265712890625,201.607528024774
2026-09-17T08:01:44.561530,1789632104561530000,5.936530029296875,201.87545943631383
2026-09-17T08:01:44.571489,1789632104571489000,5.946489013671875,201.983311316649
2026-09-17T08:01:44.581447,1789632104581447200,5.956447265625,201.79111133398715
2026-09-17T08:01:44.591406,1789632104591406000,5.966406005859375,201.62076906110585
2026-09-17T08:01:44.601365,1789632104601365000,5.976364990234375,201.2623137535616
2026-09-17T08:01:44.611324,1789632104611324200,5.98632421875,200.93508033441424
2026-09-17T08:01:44.621282,1789632104621282000,5.996281982421875,200.33803140845637
2026-09-17T08:01:44.631241,1789632104631241000,6.006240966796875,199.9376679829256
2026-09-17T08:01:44.641200,1789632104641200000,6.0162001953125,199.71030515575433
2026-09-17T08:01:44.651159,1789632104651159000,6.026158935546875,199.28735240515368
2026-09-17T08:01:44.661117,1789632104661117200,6.0361171875,198.91637987000004
2026-09-17T08:01:44.671076,1789632104671076000,6.046076171875,198.8437542086558
2026-09-17T08:01:44.681035,1789632104681035000,6.056034912109375,198.8110248022229
2026-09-17T08:01:44.690993,1789632104690993200,6.0659931640625,198.73269996153516
2026-09-17T08:01:44.700952,1789632104700952000,6.0759521484375,198.4766404109909
2026-09-17T08:01:44.710911,1789632104710911000,6.085910888671875,198.75283027603336
2026-09-17T08:01:44.720870,1789632104720870100,6.0958701171875,198.64180697446648
2026-09-17T08:01:44.730828,1789632104730828000,6.105828125,198.2519207166238
2026-09-17T08:01:44.740787,1789632104740787000,6.115786865234375,198.02191257013973
2026-09-17T08:01:44.750746,1789632104750746000,6.12574609375,198.02191257013973
2026-09-17T08:01:44.760705,1789632104760705000,6.135705078125,198.61783476365136
2026-09-17T08:01:44.770663,1789632104770663000,6.145662841796875,198.9057602778392
2026-09-17T08:01:44.780622,1789632104780622000,6.1556220703125,199.09365923068088
2026-09-17T08:01:44.790581,1789632104790581000,6.1655810546875,199.23007001365943
2026-09-17T08:01:44.800540,1789632104800540000,6.175539794921875,199.5542026937492
2026-09-17T08:01:44.810498,1789632104810498000,6.185498046875,198.94039845773256
2026-09-17T08:01:44.820457,1789632104820457000,6.19545703125,198.72317239306784
2026-09-17T08:01:44.830416,1789632104830416000,6.205415771484375,198.85754887897215
2026-09-17T08:01:44.840375,1789632104840375300,6.215375244140625,198.93161858791004
2026-09-17T08:01:44.850333,1789632104850333000,6.2253330078125,198.92232361606972
2026-09-17T08:01:44.860292,1789632104860292000,6.2352919921875,198.86270599062937
2026-09-17T08:01:44.870251,1789632104870251300,6.245251220703125,198.98393460274232
2026-09-17T08:01:44.880209,1789632104880209000,6.255208984375,199.05187663055767
2026-09-17T08:01:44.890168,1789632104890168000,6.26516796875,198.93323969359687
2026-09-17T08:01:44.900127,1789632104900127200,6.275127197265625,198.8016294841688
2026-09-17T08:01:44.910086,1789632104910086100,6.285086181640625,198.79197784477228
2026-09-17T08:01:44.920044,1789632104920044300,6.295044189453125,198.9078062911236
2026-09-17T08:01:44.930003,1789632104930003200,6.305003173828125,198.8837783097163
2026-09-17T08:01:44.939962,1789632104939962000,6.314962158203125,198.9627015494005
2026-09-17T08:01:44.949921,1789632104949921000,6.324921142578125,198.90539322312185
2026-09-17T08:01:44.959879,1789632104959879200,6.334879150390625,199.0901580889996
2026-09-17T08:01:44.969838,1789632104969838000,6.344838134765625,199.3827391794205
2026-09-17T08:01:44.979797,1789632104979797200,6.35479736328125,199.3438899730467
2026-09-17T08:01:44.989756,1789632104989756200,6.364756103515625,199.4047508868588
2026-09-17T08:01:44.999714,1789632104999714000,6.374714111328125,199.09258362527137
2026-09-17T08:01:45.009673,1789632105009673200,6.384673095703125,198.95785484695097
2026-09-17T08:01:45.019633,1789632105019633400,6.39463330078125,199.02543128973275
2026-09-17T08:01:45.029592,1789632105029592600,6.404592529296875,199.02543128973275
2026-09-17T08:01:45.039550,1789632105039550500,6.414550537109375,198.79100273266943
2026-09-17T08:01:45.049509,1789632105049509600,6.424509521484375,198.81376978383943
2026-09-17T08:01:45.059468,1789632105059468500,6.434468505859375,198.77625869199727
2026-09-17T08:01:45.069426,1789632105069426400,6.444426513671875,198.45825996208427
2026-09-17T08:01:45.079385,1789632105079385600,6.454385498046875,198.29707468790176
2026-09-17T08:01:45.089344,1789632105089344500,6.464344482421875,198.0415431265085
2026-09-17T08:01:45.099303,1789632105099303400,6.474303466796875,198.10569439335836
2026-09-17T08:01:45.109261,1789632105109261600,6.484261474609375,197.82014935275035
2026-09-17T08:01:45.119220,1789632105119220500,6.494220458984375,197.63339188642797
2026-09-17T08:01:45.129179,1789632105129179400,6.504179443359375,197.71691842179732
2026-09-17T08:01:45.139138,1789632105139138600,6.514138671875,197.7415388573978
2026-09-17T08:01:45.149096,1789632105149096400,6.524096435546875,197.67401067587323
2026-09-17T08:01:45.159055,1789632105159055400,6.534055419921875,198.29275943278716
2026-09-17T08:01:45.169014,1789632105169014500,6.5440146484375,198.6490350872716
2026-09-17T08:01:45.178973,1789632105178973400,6.553973388671875,198.62869812916043
2026-09-17T08:01:45.188931,1789632105188931600,6.563931640625,198.76597050703185
2026-09-17T08:01:45.198890,1789632105198890500,6.573890380859375,198.67134166213572
2026-09-17T08:01:45.208849,1789632105208849400,6.583849365234375,198.6574790265848
2026-09-17T08:01:45.218808,1789632105218808300,6.593808349609375,198.33934554800513
2026-09-17T08:01:45.228766,1789632105228766500,6.603766357421875,197.8553921381953
2026-09-17T08:01:45.238725,1789632105238725400,6.613725341796875,197.7239519065208
2026-09-17T08:01:45.248684,1789632105248684300,6.623684326171875,197.91436996225136
2026-09-17T08:01:45.258642,1789632105258642400,6.633642333984375,198.1860602666296
2026-09-17T08:01:45.268601,1789632105268601300,6.643601318359375,198.8252321926215
2026-09-17T08:01:45.278560,1789632105278560500,6.653560546875,198.97099621042713
2026-09-17T08:01:45.288519,1789632105288519400,6.66351953125,199.49620038612937
2026-09-17T08:01:45.298477,1789632105298477300,6.673477294921875,199.97662105198845
2026-09-17T08:01:45.308436,1789632105308436500,6.6834365234375,200.73680981383143
2026-09-17T08:01:45.318395,1789632105318395400,6.6933955078125,200.74419581988187
2026-09-17T08:01:45.328354,1789632105328354300,6.703354248046875,201.08211498506725
2026-09-17T08:01:45.338312,1789632105338312400,6.7133125,201.48375953384297
2026-09-17T08:01:45.348271,1789632105348271400,6.723271240234375,202.00542428375493
2026-09-17T08:01:45.358230,1789632105358230300,6.733230224609375,202.24143362695943
2026-09-17T08:01:45.368189,1789632105368189700,6.743189697265625,202.3068189076712
2026-09-17T08:01:45.378147,1789632105378147300,6.753147216796875,202.2466008053161
2026-09-17T08:01:45.388106,1789632105388106200,6.763106201171875,202.2466958100791
2026-09-17T08:01:45.398065,1789632105398065700,6.773065673828125,202.4057111058469
2026-09-17T08:01:45.408024,1789632105408024600,6.783024658203125,202.1571974581238
2026-09-17T08:01:45.417982,1789632105417982500,6.792982421875,202.26120223676423
2026-09-17T08:01:45.427941,1789632105427941600,6.802941650390625,202.3509857395244
2026-09-17T08:01:45.437900,1789632105437900500,6.812900634765625,202.18737101920652
2026-09-17T08:01:45.447858,1789632105447858700,6.822858642578125,202.06298134258424
2026-09-17T08:01:45.457817,1789632105457817600,6.832817626953125,201.87710363720103
2026-09-17T08:01:45.467776,1789632105467776500,6.842776611328125,201.81158047819343
2026-09-17T08:01:45.477735,1789632105477735400,6.8527353515625,202.09617711215108
2026-09-17T08:01:45.487693,1789632105487693600,6.862693603515625,202.11546159357428
2026-09-17T08:01:45.497652,1789632105497652500,6.872652587890625,201.899898812817
2026-09-17T08:01:45.507611,1789632105507611400,6.882611328125,201.93606285786768
2026-09-17T08:01:45.517570,1789632105517570600,6.892570556640625,201.6601318576201
2026-09-17T08:01:45.527528,1789632105527528400,6.902528564453125,201.40960473227565
2026-09-17T08:01:45.537487,1789632105537487600,6.912487548828125,201.1629056173782
2026-09-17T08:01:45.547446,1789632105547446500,6.922446533203125,200.8965704237432
2026-09-17T08:01:45.557405,1789632105557405400,6.932405517578125,200.9432547028496
2026-09-17T08:01:45.567363,1789632105567363600,6.942363525390625,200.76756455666535
2026-09-17T08:01:45.577322,1789632105577322500,6.952322509765625,200.91581737773996
2026-09-17T08:01:45.587281,1789632105587281400,6.962281494140625,200.894752328585
2026-09-17T08:01:45.597240,1789632105597240300,6.972240234375,200.894752328585
2026-09-17T08:01:45.607198,1789632105607198500,6.982198486328125,200.8605452438636
2026-09-17T08:01:45.617157,1789632105617157400,6.992157470703125,201.01357909196233
2026-09-17T08:01:45.627116,1789632105627116500,7.002116455078125,201.00962198655156
2026-09-17T08:01:45.637074,1789632105637074400,7.012074462890625,201.24992930057
2026-09-17T08:01:45.647033,1789632105647033300,7.022033447265625,201.44770658137196
2026-09-17T08:01:45.656992,1789632105656992500,7.031992431640625,201.56347274604545
2026-09-17T08:01:45.666951,1789632105666951400,7.041951416015625,201.4981845205446
2026-09-17T08:01:45.676909,1789632105676909600,7.05190966796875,201.33232594900767
2026-09-17T08:01:45.686868,1789632105686868500,7.061868408203125,201.4831464147279
2026-09-17T08:01:45.696827,1789632105696827400,7.071827392578125,201.55552977415735
2026-09-17T08:01:45.706786,1789632105706786300,7.081786376953125,201.68749336114232
2026-09-17T08:01:45.716744,1789632105716744400,7.091744384765625,201.81947383673207
2026-09-17T08:01:45.726703,1789632105726703400,7.101703369140625,201.85659881646907
2026-09-17T08:01:45.736662,1789632105736662300,7.111662353515625,201.94456390460465
2026-09-17T08:01:45.746621,1789632105746621400,7.121621337890625,201.83565268317972
2026-09-17T08:01:45.756579,1789632105756579300,7.131579345703125,201.8075104741833
2026-09-17T08:01:45.766538,1789632105766538500,7.14153857421875,201.88987952927877
2026-09-17T08:01:45.776497,1789632105776497400,7.151497314453125,201.3574098474734
2026-09-17T08:01:45.786456,1789632105786456300,7.161456298828125,201.28753932140717
2026-09-17T08:01:45.796414,1789632105796414500,7.17141455078125,201.17446655038955
2026-09-17T08:01:45.806373,1789632105806373400,7.181373291015625,201.35829679455696
2026-09-17T08:01:45.816332,1789632105816332300,7.191332275390625,201.47551493961453
2026-09-17T08:01:45.826290,1789632105826290400,7.20129052734375,201.1719506062553
2026-09-17T08:01:45.836249,1789632105836249300,7.211249267578125,201.1934160421713
2026-09-17T08:01:45.846208,1789632105846208500,7.22120849609375,201.2273513964357
2026-09-17T08:01:45.856167,1789632105856167700,7.231167724609375,201.14754831046943
2026-09-17T08:01:45.866125,1789632105866125300,7.241125244140625,200.93539823812745
2026-09-17T08:01:45.876084,1789632105876084500,7.25108447265625,200.98858300398655
2026-09-17T08:01:45.886043,1789632105886043600,7.261043701171875,201.08025322143575
2026-09-17T08:01:45.896002,1789632105896002600,7.27100244140625,200.65161307604677
2026-09-17T08:01:45.905960,1789632105905960400,7.28096044921875,200.77264418563217
2026-09-17T08:01:45.915919,1789632105915919600,7.290919677734375,200.48795331592424
2026-09-17T08:01:45.925878,1789632105925878500,7.30087841796875,200.34980074537643
2026-09-17T08:01:45.935837,1789632105935837400,7.31083740234375,199.7712707205385
2026-09-17T08:01:45.945795,1789632105945795600,7.320795654296875,199.322219034566
2026-09-17T08:01:45.955754,1789632105955754500,7.33075439453125,198.89998531127628
2026-09-17T08:01:45.965713,1789632105965713400,7.34071337890625,198.64833158732503
2026-09-17T08:01:45.975672,1789632105975672600,7.350672607421875,198.50202437535293
2026-09-17T08:01:45.985630,1789632105985630500,7.36063037109375,198.22457061489368
