timestamp_utc,time_ns,seconds_elapsed,x,y,z
2026-09-17T08:01:38.695838,1789632098695838200,0.070838134765625,-0.0077730268239974,0.175848439335823,0.0923435091972351
2026-09-17T08:01:38.705796,1789632098705796400,0.08079638671875,0.0332894548773765,0.1278923600912094,0.0892648920416832
2026-09-17T08:01:38.715755,1789632098715755300,0.09075537109375,0.059391364455223,0.033474251627922,0.0574188157916069
2026-09-17T08:01:38.725714,1789632098725714200,0.100714111328125,0.0609754100441932,-0.0657151788473129,0.0232821479439735
2026-09-17T08:01:38.735673,1789632098735673000,0.110673095703125,0.0458449274301528,-0.1098370999097824,-0.0049564139917492
2026-09-17T08:01:38.745631,1789632098745631200,0.12063134765625,0.0351832285523414,-0.0532681010663509,-0.0149190323427319
2026-09-17T08:01:38.755590,1789632098755590100,0.130590087890625,0.0420083776116371,0.0579670742154121,0.0006825635791756
2026-09-17T08:01:38.765549,1789632098765549000,0.140549072265625,0.0511107966303825,0.1205827891826629,0.0264451839029788
2026-09-17T08:01:38.775507,1789632098775507200,0.150507080078125,0.047485701739788,0.1226014643907547,0.052224051207304
2026-09-17T08:01:38.785466,1789632098785466000,0.160466064453125,0.030215635895729,0.0921495482325553,0.0482306443154811
2026-09-17T08:01:38.795425,1789632098795425300,0.17042529296875,-0.0039220955222845,0.0456464923918247,0.0218906458467245
2026-09-17T08:01:38.805384,1789632098805384200,0.18038427734375,-0.0401248410344123,-0.0200030878186225,-0.0041795698925852
2026-09-17T08:01:38.815342,1789632098815342000,0.190342041015625,-0.0805257931351661,-0.0737954750657081,-0.0335694141685962
2026-09-17T08:01:38.825301,1789632098825301200,0.20030126953125,-0.1128368601202964,-0.0918706208467483,-0.0798282548785209
2026-09-17T08:01:38.835260,1789632098835260200,0.21026025390625,-0.1227044090628624,-0.0756634175777435,-0.1327210366725921
2026-09-17T08:01:38.845219,1789632098845219000,0.220218994140625,-0.1033448204398155,-0.0307558681815862,-0.1719105243682861
2026-09-17T08:01:38.855177,1789632098855177200,0.23017724609375,-0.0732111558318138,0.0248546637594699,-0.1885057389736175
2026-09-17T08:01:38.865136,1789632098865136000,0.24013623046875,-0.0385290756821632,0.0644686520099639,-0.1661389172077179
2026-09-17T08:01:38.875095,1789632098875095000,0.250094970703125,-0.0077517218887805,0.0700679495930671,-0.1150626763701438
2026-09-17T08:01:38.885054,1789632098885054200,0.26005419921875,0.0132598206400871,0.0366138517856597,-0.0665510669350624
2026-09-17T08:01:38.895012,1789632098895012000,0.27001220703125,0.0288102850317955,-0.010907594114542,-0.0393889546394348
2026-09-17T08:01:38.904971,1789632098904971000,0.279970947265625,0.0427833572030067,-0.0674678087234497,-0.0318705849349498
2026-09-17T08:01:38.914930,1789632098914930200,0.28993017578125,0.0504466034471988,-0.0999384000897407,-0.0204251185059547
2026-09-17T08:01:38.924888,1789632098924888000,0.29988818359375,0.0548711791634559,-0.103219948709011,-0.0049193957820534
2026-09-17T08:01:38.934847,1789632098934847200,0.30984716796875,0.043390292674303,-0.1062080115079879,-0.00045433989726
2026-09-17T08:01:38.944806,1789632098944806100,0.31980615234375,0.0155685143545269,-0.0826946943998336,-0.0183917954564094
2026-09-17T08:01:38.954765,1789632098954765000,0.32976513671875,-0.0221357196569442,-0.0498914793133735,-0.0520283170044422
2026-09-17T08:01:38.964723,1789632098964723200,0.33972314453125,-0.0590828210115432,0.0003831431968137,-0.0865237116813659
2026-09-17T08:01:38.974682,1789632098974682000,0.34968212890625,-0.0839812457561492,0.0462891161441803,-0.1096929460763931
2026-09-17T08:01:38.984641,1789632098984641000,0.35964111328125,-0.0988994762301445,0.0513762831687927,-0.1231336519122123
2026-09-17T08:01:38.994599,1789632098994599200,0.36959912109375,-0.1019389405846595,0.014523196965456,-0.1187849789857864
2026-09-17T08:01:39.004558,1789632099004558000,0.37955810546875,-0.0914921537041664,-0.0364853926002979,-0.0933709666132927
2026-09-17T08:01:39.014516,1789632099014516700,0.389516845703125,-0.069104827940464,-0.1172255128622055,-0.0698419362306594
2026-09-17T08:01:39.024476,1789632099024476000,0.399475830078125,-0.0435001291334629,-0.1798817068338394,-0.0487667433917522
2026-09-17T08:01:39.034433,1789632099034433800,0.409433837890625,-0.0200536623597145,-0.1921383738517761,-0.0325672663748264
2026-09-17T08:01:39.044392,1789632099044392700,0.419392822265625,0.0041233138181269,-0.146154910326004,-0.0260619651526212
2026-09-17T08:01:39.054352,1789632099054352000,0.429351806640625,0.0301610380411148,-0.083430528640747,-0.0322586074471473
2026-09-17T08:01:39.064310,1789632099064310800,0.439310791015625,0.0460406690835952,-0.021030269563198,-0.0456588342785835
2026-09-17T08:01:39.074269,1789632099074269000,0.44926904296875,0.0477608069777488,0.0213984139263629,-0.0535537749528884
2026-09-17T08:01:39.084227,1789632099084227800,0.459227783203125,0.0357520803809165,0.0194724164903163,-0.0562896393239498
2026-09-17T08:01:39.094186,1789632099094186800,0.469186767578125,0.0085998214781284,-0.0337918736040592,-0.0599901042878627
2026-09-17T08:01:39.104145,1789632099104145700,0.479145751953125,-0.0423877276480197,-0.1156574413180351,-0.0699841454625129
2026-09-17T08:01:39.114103,1789632099114103800,0.489103759765625,-0.1013338714838028,-0.1679195910692215,-0.0758130103349685
2026-09-17T08:01:39.124062,1789632099124062700,0.499062744140625,-0.147452637553215,-0.1808020919561386,-0.0772732198238372
2026-09-17T08:01:39.134021,1789632099134021600,0.509021728515625,-0.1732562631368637,-0.1380327939987182,-0.0724001675844192
2026-09-17T08:01:39.143979,1789632099143979800,0.518979736328125,-0.1755963861942291,-0.0743374302983284,-0.062109712511301
2026-09-17T08:01:39.153938,1789632099153938700,0.528938720703125,-0.159050703048706,-0.03140514716506,-0.0629209131002426
2026-09-17T08:01:39.163897,1789632099163897900,0.53889794921875,-0.124486856162548,-0.0136842057108879,-0.0667862221598625
2026-09-17T08:01:39.173856,1789632099173856800,0.548856689453125,-0.0765635445713996,-0.0195812433958053,-0.0779901444911956
2026-09-17T08:01:39.183814,1789632099183814700,0.558814697265625,-0.0295012257993221,-0.0783374980092048,-0.1064896956086158
2026-09-17T08:01:39.193773,1789632099193773800,0.56877392578125,-0.0038888063281774,-0.1567676067352295,-0.1331364959478378
2026-09-17T08:01:39.203732,1789632099203732700,0.578732666015625,0.0041496790945529,-0.2219532579183578,-0.1518430709838867
2026-09-17T08:01:39.213692,1789632099213692000,0.58869189453125,-0.0119840176776051,-0.2805862128734588,-0.164334088563919
2026-09-17T08:01:39.223649,1789632099223649800,0.59864990234375,-0.0398492030799388,-0.2919991612434387,-0.1726993471384048
2026-09-17T08:01:39.233608,1789632099233608700,0.608608642578125,-0.0690779313445091,-0.2676581442356109,-0.1768608093261718
2026-09-17T08:01:39.243567,1789632099243567900,0.61856787109375,-0.0905837565660476,-0.2284138202667236,-0.169717937707901
2026-09-17T08:01:39.253525,1789632099253525800,0.62852587890625,-0.0808728039264679,-0.1818849444389343,-0.1574122756719589
2026-09-17T08:01:39.263484,1789632099263484700,0.638484619140625,-0.0453931055963039,-0.1257055550813675,-0.12909035384655
2026-09-17T08:01:39.273443,1789632099273443800,0.64844384765625,0.0063792774453759,-0.0556995682418346,-0.0877847149968147
2026-09-17T08:01:39.283403,1789632099283403000,0.658403076171875,0.0685302689671516,-0.0121845807880163,-0.0494836680591106
2026-09-17T08:01:39.293361,1789632099293361000,0.66836083984375,0.1485300213098526,0.0176934245973825,-0.0180240124464035
2026-09-17T08:01:39.303319,1789632099303319800,0.67831982421875,0.2416075021028518,0.0139703247696161,-0.0053292559459805
2026-09-17T08:01:39.313279,1789632099313279000,0.688279052734375,0.3213596045970917,-0.0313076749444007,-0.0153475357219576
2026-09-17T08:01:39.323238,1789632099323238000,0.69823779296875,0.3637038767337799,-0.1226088255643844,-0.0326972305774688
2026-09-17T08:01:39.333196,1789632099333196000,0.708196044921875,0.3456468284130096,-0.2263892889022827,-0.0579485222697258
2026-09-17T08:01:39.343155,1789632099343155000,0.718155029296875,0.2694972157478332,-0.3087270259857178,-0.0787097290158271
2026-09-17T08:01:39.353113,1789632099353113900,0.72811376953125,0.1525873392820358,-0.3373869061470032,-0.1016802936792373
2026-09-17T08:01:39.363072,1789632099363072000,0.738072021484375,0.0022612314205616,-0.268219530582428,-0.1398218274116516
2026-09-17T08:01:39.373031,1789632099373031000,0.748031005859375,-0.1699116080999374,-0.1673991978168487,-0.1839077919721603
2026-09-17T08:01:39.382989,1789632099382989800,0.75798974609375,-0.3299646377563476,-0.0687929987907409,-0.2343720346689224
2026-09-17T08:01:39.392949,1789632099392949000,0.767948974609375,-0.4362130463123321,-0.0052315993234515,-0.2729673683643341
2026-09-17T08:01:39.402907,1789632099402907000,0.777906982421875,-0.4556766450405121,0.0502267554402351,-0.2855331301689148
2026-09-17T08:01:39.412865,1789632099412865800,0.78786572265625,-0.4024288654327392,0.0982898920774459,-0.2745451927185058
2026-09-17T08:01:39.422825,1789632099422825000,0.797824951171875,-0.3164612352848053,0.1190103515982627,-0.2340790033340454
2026-09-17T08:01:39.432784,1789632099432784000,0.807783935546875,-0.2228854596614837,0.1375728547573089,-0.1720989942550659
2026-09-17T08:01:39.442741,1789632099442741800,0.81774169921875,-0.1456106454133987,0.1211808249354362,-0.110847882926464
2026-09-17T08:01:39.452701,1789632099452701000,0.827700927734375,-0.096512883901596,0.0545687712728977,-0.0596060007810592
2026-09-17T08:01:39.462659,1789632099462659800,0.837659912109375,-0.0759684592485427,-0.0323493480682373,0.0026246176566928
2026-09-17T08:01:39.472618,1789632099472618800,0.84761865234375,-0.0709683746099472,-0.1099844872951507,0.0796131417155265
2026-09-17T08:01:39.482577,1789632099482577000,0.857576904296875,-0.0534130856394767,-0.1539535373449325,0.1596501767635345
2026-09-17T08:01:39.492535,1789632099492535800,0.867535888671875,-0.032960008829832,-0.1183180510997772,0.2264342755079269
2026-09-17T08:01:39.502494,1789632099502494700,0.87749462890625,-0.0193368755280971,-0.0217957720160484,0.2566718161106109
2026-09-17T08:01:39.512452,1789632099512452900,0.887452880859375,-0.0270384699106216,0.046802993863821,0.2468865513801574
2026-09-17T08:01:39.522411,1789632099522411800,0.897411865234375,-0.05399951338768,0.0717088803648948,0.207375094294548
2026-09-17T08:01:39.532370,1789632099532370700,0.90737060546875,-0.0696037709712982,0.0589645877480506,0.1510239392518997
2026-09-17T08:01:39.542329,1789632099542329900,0.917329833984375,-0.0670122504234314,0.0107320770621299,0.0713637322187423
2026-09-17T08:01:39.552287,1789632099552287700,0.927287841796875,-0.0487506911158561,-0.0132528841495513,-0.0173967611044645
2026-09-17T08:01:39.562247,1789632099562247000,0.937246826171875,-0.0307679623365402,0.0372947119176387,-0.0707886144518852
2026-09-17T08:01:39.572205,1789632099572205800,0.947205810546875,-0.0186287388205528,0.1148536875844001,-0.0565644018352031
2026-09-17T08:01:39.582164,1789632099582164700,0.957164794921875,-0.0132289147004485,0.1393489092588424,0.0077844923362135
2026-09-17T08:01:39.592123,1789632099592123000,0.967122802734375,-0.0039773592725396,0.1176433488726615,0.0770858004689216
2026-09-17T08:01:39.602081,1789632099602081800,0.977081787109375,0.0238880924880504,0.0957795977592468,0.1200210228562355
2026-09-17T08:01:39.612040,1789632099612040700,0.987040771484375,0.0524736642837524,0.1112802550196647,0.1457111984491348
2026-09-17T08:01:39.621998,1789632099621998800,0.996998779296875,0.0616080425679683,0.1505389809608459,0.160805732011795
2026-09-17T08:01:39.631957,1789632099631957800,1.006957763671875,0.0417405925691127,0.1567271053791046,0.1598416566848755
2026-09-17T08:01:39.641916,1789632099641916700,1.016916748046875,0.0144282793626189,0.1217355653643608,0.1579683870077133
2026-09-17T08:01:39.651875,1789632099651875800,1.026875732421875,0.0008701267652213,0.0611497089266777,0.1460456848144531
2026-09-17T08:01:39.661833,1789632099661833700,1.036833740234375,0.0089695984497666,0.0104322051629424,0.1223193258047103
2026-09-17T08:01:39.671792,1789632099671792600,1.046792724609375,0.0256377905607223,-0.0073180301114916,0.0973021239042282
2026-09-17T08:01:39.681751,1789632099681751800,1.056751708984375,0.0341330096125602,-0.0060136141255497,0.09171774238348
2026-09-17T08:01:39.691711,1789632099691711000,1.0667109375,0.0133294593542814,-0.0192812141031026,0.0964861288666725
2026-09-17T08:01:39.701668,1789632099701668900,1.0766689453125,-0.0160662457346916,-0.0109340697526931,0.1136954799294471
2026-09-17T08:01:39.711627,1789632099711627800,1.086627685546875,-0.023063700646162,0.0390976704657077,0.1384695321321487
2026-09-17T08:01:39.721587,1789632099721587000,1.0965869140625,0.0034049234818667,0.0900660529732704,0.1489163041114807
2026-09-17T08:01:39.731545,1789632099731545900,1.1065458984375,0.0568881221115589,0.1445071846246719,0.1509341895580291
2026-09-17T08:01:39.741503,1789632099741503700,1.116503662109375,0.116200715303421,0.1693923026323318,0.1505203247070312
2026-09-17T08:01:39.751463,1789632099751463000,1.126462890625,0.1622888594865799,0.1516322046518325,0.1456683129072189
2026-09-17T08:01:39.761421,1789632099761421800,1.136421875,0.1961229890584945,0.100808709859848,0.1355235427618026
2026-09-17T08:01:39.771380,1789632099771380000,1.1463798828125,0.2066613733768463,0.0166118033230304,0.1063078716397285
2026-09-17T08:01:39.781339,1789632099781339000,1.1563388671875,0.182997852563858,-0.0996426343917846,0.0626874193549156
2026-09-17T08:01:39.791297,1789632099791297800,1.1662978515625,0.1207006573677063,-0.2321729809045791,0.0158578660339117
2026-09-17T08:01:39.801257,1789632099801257000,1.176257080078125,0.0315928868949413,-0.3268387615680694,-0.0292952321469783
2026-09-17T08:01:39.811214,1789632099811214800,1.18621484375,-0.0626382753252983,-0.3146364390850067,-0.059815589338541
2026-09-17T08:01:39.821174,1789632099821174000,1.196174072265625,-0.1434777230024337,-0.1794913858175277,-0.0746233016252517
2026-09-17T08:01:39.831133,1789632099831133000,1.2061328125,-0.2165021300315857,0.0397562719881534,-0.0843033567070961
2026-09-17T08:01:39.841091,1789632099841091800,1.216091796875,-0.2821461260318756,0.291897714138031,-0.0885881185531616
2026-09-17T08:01:39.851050,1789632099851050000,1.226050048828125,-0.3395771980285644,0.4347307682037353,-0.0891572311520576
2026-09-17T08:01:39.861009,1789632099861009000,1.2360087890625,-0.3829595446586609,0.4481733441352844,-0.0925026983022689
2026-09-17T08:01:39.870967,1789632099870967800,1.2459677734375,-0.4140522181987762,0.3717810809612274,-0.0854341313242912
2026-09-17T08:01:39.880926,1789632099880926000,1.255926025390625,-0.4141323864459991,0.2657518684864044,-0.07749605178833
2026-09-17T08:01:39.890884,1789632099890884900,1.265884765625,-0.3693348169326782,0.1612084060907364,-0.0654894560575485
2026-09-17T08:01:39.900843,1789632099900843800,1.27584375,-0.3093090355396271,0.0561546832323074,-0.0527941659092903
2026-09-17T08:01:39.910803,1789632099910803000,1.285802978515625,-0.2722532749176025,-0.0405830442905426,-0.0464526452124118
2026-09-17T08:01:39.920760,1789632099920760800,1.2957607421875,-0.2594179213047027,-0.0842769891023635,0.0012251264415681
2026-09-17T08:01:39.930719,1789632099930719700,1.3057197265625,-0.2693565487861633,-0.1101535931229591,0.0950221940875053
2026-09-17T08:01:39.940679,1789632099940679000,1.315678955078125,-0.2851365804672241,-0.0941788926720619,0.2005946785211563
2026-09-17T08:01:39.950637,1789632099950637800,1.325637939453125,-0.2768166065216064,-0.0049028089269995,0.3013732433319092
2026-09-17T08:01:39.960596,1789632099960596000,1.335595947265625,-0.2241789549589157,0.1242794170975685,0.3729046881198883
2026-09-17T08:01:39.970555,1789632099970555000,1.345554931640625,-0.1369266211986541,0.2513963580131531,0.3903065621852875
2026-09-17T08:01:39.980513,1789632099980513800,1.355513671875,-0.0285564735531806,0.339824765920639,0.3588322699069977
2026-09-17T08:01:39.990472,1789632099990472000,1.365471923828125,0.0702017992734909,0.364117830991745,0.2933227717876434
2026-09-17T08:01:40.000430,1789632100000430800,1.375430908203125,0.1384154856204986,0.3023532629013061,0.2240435481071472
2026-09-17T08:01:40.010389,1789632100010389800,1.3853896484375,0.1658665388822555,0.1558272242546081,0.1788414567708969
2026-09-17T08:01:40.020348,1789632100020348700,1.3953486328125,0.144180953502655,-0.0398080646991729,0.1667022258043289
2026-09-17T08:01:40.030306,1789632100030306800,1.405306884765625,0.0975673720240593,-0.2011303752660751,0.1733936816453933
2026-09-17T08:01:40.040265,1789632100040265700,1.415265625,0.0618338771164417,-0.2646177411079407,0.1764917373657226
2026-09-17T08:01:40.050225,1789632100050225000,1.425224853515625,0.0449712723493576,-0.26295006275177,0.1489874124526977
2026-09-17T08:01:40.060183,1789632100060183800,1.435183837890625,0.0538664981722831,-0.2067909240722656,0.1103702560067176
2026-09-17T08:01:40.070141,1789632100070141700,1.4451416015625,0.0737480595707893,-0.0646731927990913,0.0691306740045547
2026-09-17T08:01:40.080100,1789632100080100900,1.455100830078125,0.0738977342844009,0.0842763409018516,0.0446993671357631
2026-09-17T08:01:40.090059,1789632100090059800,1.465059814453125,0.0365362428128719,0.1511381864547729,0.0338019803166389
2026-09-17T08:01:40.100017,1789632100100017700,1.475017578125,-0.0459253415465354,0.1065946891903877,0.0350536629557609
2026-09-17T08:01:40.109976,1789632100109976800,1.484976806640625,-0.1548944264650344,-0.010695450939238,0.0447781980037689
2026-09-17T08:01:40.119935,1789632100119935700,1.494935791015625,-0.2508997917175293,-0.1444053053855896,0.0751339718699455
2026-09-17T08:01:40.129894,1789632100129894700,1.504894775390625,-0.2900985777378082,-0.2385320663452148,0.1335701048374176
2026-09-17T08:01:40.139852,1789632100139852800,1.514852783203125,-0.2519791722297668,-0.2386702895164489,0.203003779053688
2026-09-17T08:01:40.149811,1789632100149811700,1.524811767578125,-0.1436769217252731,-0.2220175415277481,0.2475483417510986
2026-09-17T08:01:40.159770,1789632100159770600,1.5347705078125,0.0247307196259498,-0.2178875207901001,0.2678448557853699
2026-09-17T08:01:40.169729,1789632100169729800,1.544729736328125,0.2311888188123703,-0.1436612159013748,0.2578486800193786
2026-09-17T08:01:40.179687,1789632100179687700,1.554687744140625,0.4234482944011688,-0.0388261564075946,0.2088488787412643
2026-09-17T08:01:40.189646,1789632100189646800,1.564646728515625,0.5311648845672607,0.0243384335190057,0.134167730808258
2026-09-17T08:01:40.199605,1789632100199605800,1.574605712890625,0.5179454684257507,0.0327412374317646,0.068408690392971
2026-09-17T08:01:40.209564,1789632100209564700,1.584564697265625,0.3869448602199554,-0.0043651163578033,0.0436708554625511
2026-09-17T08:01:40.219522,1789632100219522800,1.594522705078125,0.183200255036354,-0.0364985540509223,0.0530124232172966
2026-09-17T08:01:40.229481,1789632100229481700,1.604481689453125,-0.0239268317818641,-0.0769479721784591,0.0743368864059448
2026-09-17T08:01:40.239440,1789632100239440600,1.614440673828125,-0.1628085523843765,-0.1027513369917869,0.0882883891463279
2026-09-17T08:01:40.249398,1789632100249398800,1.624398681640625,-0.1993164867162704,-0.0724834501743316,0.0955170094966888
2026-09-17T08:01:40.259357,1789632100259357700,1.634357666015625,-0.1524064987897873,-0.0105958487838506,0.1073145419359207
2026-09-17T08:01:40.269316,1789632100269316600,1.644316650390625,-0.054170224815607,0.0318530760705471,0.1136235743761062
2026-09-17T08:01:40.279275,1789632100279275800,1.65427587890625,0.0648445859551429,0.0267400722950696,0.1136560663580894
2026-09-17T08:01:40.289233,1789632100289233700,1.664233642578125,0.1559654474258422,-0.0238935444504022,0.0929862037301063
2026-09-17T08:01:40.299192,1789632100299192600,1.674192626953125,0.1765966862440109,-0.1091650277376174,0.0596396997570991
2026-09-17T08:01:40.309151,1789632100309151700,1.68415185546875,0.1418365687131881,-0.1688272953033447,0.0278865657746791
2026-09-17T08:01:40.319110,1789632100319110700,1.694110595703125,0.0909219905734062,-0.1506405621767044,0.0079488093033432
2026-09-17T08:01:40.329068,1789632100329068500,1.704068603515625,0.0586364865303039,-0.0715862289071083,-0.0133820455521345
2026-09-17T08:01:40.339027,1789632100339027700,1.71402783203125,0.0478970222175121,0.0099080950021743,-0.034742459654808
2026-09-17T08:01:40.348986,1789632100348986600,1.723986572265625,0.0400897003710269,0.0309542585164308,-0.0433423407375812
2026-09-17T08:01:40.358944,1789632100358944800,1.73394482421875,0.0076374853961169,-0.0081326905637979,-0.0312278866767883
2026-09-17T08:01:40.368903,1789632100368903700,1.743903564453125,-0.0349781513214111,-0.0848005712032318,0.0028009191155433
2026-09-17T08:01:40.378862,1789632100378862600,1.753862548828125,-0.0679739192128181,-0.1523902714252472,0.0304738264530897
2026-09-17T08:01:40.388821,1789632100388821500,1.763821533203125,-0.0740286186337471,-0.1839098483324051,0.0363221280276775
2026-09-17T08:01:40.398779,1789632100398779600,1.773779541015625,-0.0449106767773628,-0.1402590274810791,0.0295558348298072
2026-09-17T08:01:40.408738,1789632100408738600,1.783738525390625,0.0058052306994795,0.0028520496562123,0.0273147840052843
2026-09-17T08:01:40.418697,1789632100418697500,1.793697509765625,0.0511105321347713,0.1262305527925491,0.0274800881743431
2026-09-17T08:01:40.428657,1789632100428657000,1.803656982421875,0.0809246152639389,0.2333183884620666,0.028568523004651
2026-09-17T08:01:40.438614,1789632100438614500,1.813614501953125,0.0937954112887382,0.3214767575263977,0.0373500324785709
2026-09-17T08:01:40.448573,1789632100448573700,1.82357373046875,0.0796495005488395,0.3272709846496582,0.0420774072408676
2026-09-17T08:01:40.458532,1789632100458532900,1.833532958984375,0.0611328035593032,0.2758623957633972,0.0680043473839759
2026-09-17T08:01:40.468490,1789632100468490500,1.843490478515625,0.057423286139965,0.230416864156723,0.1222563982009887
2026-09-17T08:01:40.478450,1789632100478450000,1.853449951171875,0.0798249989748001,0.1968791484832763,0.1826883107423782
2026-09-17T08:01:40.488408,1789632100488408800,1.863408935546875,0.1266319155693054,0.1467371582984924,0.2350191622972488
2026-09-17T08:01:40.498367,1789632100498367700,1.87336767578125,0.1737940907478332,0.0821674913167953,0.2608507573604584
2026-09-17T08:01:40.508326,1789632100508326000,1.883325927734375,0.1922799050807953,0.0153967142105102,0.2541470527648926
2026-09-17T08:01:40.518284,1789632100518284800,1.893284912109375,0.1564848870038986,-0.0754860490560531,0.2146718055009842
2026-09-17T08:01:40.528243,1789632100528243700,1.90324365234375,0.0606257393956184,-0.2061271667480468,0.1518507748842239
2026-09-17T08:01:40.538203,1789632100538203000,1.913202880859375,-0.0521567352116107,-0.3075797259807586,0.0902537256479263
2026-09-17T08:01:40.548160,1789632100548160800,1.923160888671875,-0.1114269867539405,-0.269561231136322,0.0296180751174688
2026-09-17T08:01:40.558119,1789632100558119700,1.93311962890625,-0.1040508225560188,-0.112145259976387,-0.0342964567244052
2026-09-17T08:01:40.568078,1789632100568078800,1.943078857421875,-0.0534236021339893,0.0664098337292671,-0.0886822044849395
2026-09-17T08:01:40.578037,1789632100578037800,1.953037841796875,0.0404570885002613,0.241078034043312,-0.106769859790802
2026-09-17T08:01:40.587995,1789632100587995600,1.96299560546875,0.1560076475143432,0.4073964655399322,-0.1028885692358017
2026-09-17T08:01:40.597954,1789632100597954800,1.972954833984375,0.2335634231567382,0.4528960287570953,-0.1172216981649398
2026-09-17T08:01:40.607913,1789632100607913700,1.982913818359375,0.267980545759201,0.3675467669963836,-0.1392873227596283
2026-09-17T08:01:40.617872,1789632100617872000,1.992871826171875,0.2665213942527771,0.2219876945018768,-0.1404005289077758
2026-09-17T08:01:40.627830,1789632100627830800,2.002830810546875,0.2598544359207153,0.0685033425688743,-0.1189737915992736
2026-09-17T08:01:40.637789,1789632100637789700,2.012789794921875,0.2559278607368469,-0.0320970378816127,-0.0968011170625686
2026-09-17T08:01:40.647748,1789632100647748600,2.02274853515625,0.265963464975357,-0.044000569730997,-0.0795914977788925
2026-09-17T08:01:40.657706,1789632100657706800,2.032706787109375,0.2832764089107513,0.0075070988386869,-0.064881794154644
2026-09-17T08:01:40.667665,1789632100667665700,2.042665771484375,0.2748690545558929,0.0712261572480201,-0.058657456189394
2026-09-17T08:01:40.677624,1789632100677624600,2.05262451171875,0.2378077059984207,0.136460542678833,-0.0584891475737094
2026-09-17T08:01:40.687583,1789632100687583700,2.062583740234375,0.1810229867696762,0.1761949062347412,-0.0715911015868187
2026-09-17T08:01:40.697541,1789632100697541600,2.072541748046875,0.1080308035016059,0.1595456302165985,-0.1047530472278595
2026-09-17T08:01:40.707500,1789632100707500800,2.082500732421875,0.0240898318588733,0.063958391547203,-0.1791194379329681
2026-09-17T08:01:40.717459,1789632100717459700,2.092459716796875,-0.0497527010738849,-0.0549570806324481,-0.2668258547782898
2026-09-17T08:01:40.727417,1789632100727417600,2.10241748046875,-0.1097425371408462,-0.1242053881287574,-0.3345257937908172
2026-09-17T08:01:40.737376,1789632100737376800,2.112376708984375,-0.1411758363246917,-0.1140257194638252,-0.3689061403274536
2026-09-17T08:01:40.747335,1789632100747335700,2.122335693359375,-0.1618339717388153,-0.0523320026695728,-0.3677921295166015
2026-09-17T08:01:40.757294,1789632100757294600,2.132294677734375,-0.1640920639038086,0.0527829676866531,-0.3322128355503082
2026-09-17T08:01:40.767252,1789632100767252700,2.142252685546875,-0.1488180309534073,0.2090575248003006,-0.2664836347103119
2026-09-17T08:01:40.777211,1789632100777211600,2.152211669921875,-0.1268408298492431,0.3703561425209045,-0.1916304230690002
2026-09-17T08:01:40.787170,1789632100787170600,2.162170654296875,-0.1213595047593116,0.4841711223125458,-0.1197988390922546
2026-09-17T08:01:40.797129,1789632100797129700,2.172129638671875,-0.1385161280632019,0.5243803262710571,-0.0402933657169342
2026-09-17T08:01:40.807087,1789632100807087600,2.182087646484375,-0.1700082719326019,0.4592679142951965,0.047472707927227
2026-09-17T08:01:40.817046,1789632100817046500,2.192046630859375,-0.2286295145750045,0.2907231152057647,0.1232617422938346
2026-09-17T08:01:40.827005,1789632100827005700,2.202005615234375,-0.2771405875682831,0.0733769312500953,0.1756474524736404
2026-09-17T08:01:40.836963,1789632100836963600,2.211963623046875,-0.2776447236537933,-0.1031349897384643,0.2131846994161605
2026-09-17T08:01:40.846922,1789632100846922800,2.2219228515625,-0.2336152195930481,-0.2580774426460266,0.2119434028863906
2026-09-17T08:01:40.856881,1789632100856881700,2.231881591796875,-0.1724959313869476,-0.4092973172664642,0.1526739597320556
2026-09-17T08:01:40.866840,1789632100866840600,2.241840576171875,-0.0984368845820427,-0.4343999922275543,0.0801523551344871
2026-09-17T08:01:40.876798,1789632100876798700,2.251798828125,-0.0161715708673,-0.3115249276161194,0.0234145075082778
2026-09-17T08:01:40.886757,1789632100886757600,2.261757568359375,0.049927819520235,-0.1824719011783599,0.0086336974054574
2026-09-17T08:01:40.896716,1789632100896716500,2.271716552734375,0.0812066495418548,-0.1140891015529632,0.0306465867906808
2026-09-17T08:01:40.906675,1789632100906675700,2.28167578125,0.0672391653060913,-0.0968339517712593,0.0768223404884338
2026-09-17T08:01:40.916633,1789632100916633600,2.291633544921875,0.0397841073572635,-0.1052964106202125,0.1356249302625656
2026-09-17T08:01:40.926592,1789632100926592800,2.3015927734375,0.036294300109148,-0.1037685573101043,0.1819551438093185
2026-09-17T08:01:40.936552,1789632100936552000,2.311552001953125,0.0718610808253288,-0.0924155041575431,0.2063265293836593
2026-09-17T08:01:40.946510,1789632100946510800,2.3215107421875,0.148665577173233,-0.0749233290553093,0.2321104556322097
2026-09-17T08:01:40.956468,1789632100956468700,2.33146875,0.2540399432182312,-0.047211542725563,0.2729721367359161
2026-09-17T08:01:40.966428,1789632100966428000,2.341427978515625,0.3639020025730133,-0.0466892942786216,0.3240952491760254
2026-09-17T08:01:40.976386,1789632100976386800,2.35138671875,0.4548934400081634,-0.0941452234983444,0.3635558187961578
2026-09-17T08:01:40.986344,1789632100986344700,2.3613447265625,0.5151479244232178,-0.1462326645851135,0.3841844201087951
2026-09-17T08:01:40.996304,1789632100996304000,2.371303955078125,0.5249417424201965,-0.2381940186023712,0.3687367439270019
2026-09-17T08:01:41.006262,1789632101006262800,2.3812626953125,0.4702217876911163,-0.3410572707653045,0.33051797747612
2026-09-17T08:01:41.016221,1789632101016221400,2.391221435546875,0.3889514207839966,-0.4040359556674957,0.2877308428287506
2026-09-17T08:01:41.026179,1789632101026179600,2.4011796875,0.3420054912567138,-0.4080354869365692,0.2709524035453796
2026-09-17T08:01:41.036138,1789632101036138500,2.411138427734375,0.3397503197193146,-0.3252074718475342,0.2630909979343414
2026-09-17T08:01:41.046097,1789632101046097400,2.421097412109375,0.3594034016132355,-0.2031124681234359,0.2283977419137954
2026-09-17T08:01:41.056056,1789632101056056600,2.431056640625,0.3448572158813476,-0.0750349164009094,0.1677154898643493
2026-09-17T08:01:41.066014,1789632101066014500,2.441014404296875,0.2756509780883789,0.0545371919870376,0.0946229100227356
2026-09-17T08:01:41.075973,1789632101075973600,2.4509736328125,0.1406939327716827,0.1375524401664734,0.0106893917545676
2026-09-17T08:01:41.085932,1789632101085932500,2.4609326171875,-0.0389378704130649,0.080182634294033,-0.0890699550509452
2026-09-17T08:01:41.095890,1789632101095890400,2.470890380859375,-0.2459720224142074,-0.103430338203907,-0.1961146593093872
2026-09-17T08:01:41.105849,1789632101105849600,2.480849609375,-0.4501299262046814,-0.3210984766483307,-0.2821837663650512
2026-09-17T08:01:41.115808,1789632101115808500,2.49080859375,-0.6045717597007751,-0.4759724736213684,-0.317658931016922
2026-09-17T08:01:41.125767,1789632101125767400,2.500767333984375,-0.6489554643630981,-0.5403110384941101,-0.3156527876853943
2026-09-17T08:01:41.135725,1789632101135725600,2.5107255859375,-0.568056583404541,-0.4717670679092407,-0.2830618023872375
2026-09-17T08:01:41.145684,1789632101145684500,2.5206845703125,-0.3748271763324737,-0.2605653405189514,-0.2212522327899933
2026-09-17T08:01:41.155643,1789632101155643400,2.530643310546875,-0.126571848988533,0.0215520784258842,-0.135922685265541
2026-09-17T08:01:41.165602,1789632101165602600,2.5406025390625,0.0893748253583908,0.2779319286346435,-0.034906055778265
2026-09-17T08:01:41.175560,1789632101175560400,2.550560546875,0.2036808878183365,0.3960724174976349,0.0570193417370319
2026-09-17T08:01:41.185519,1789632101185519400,2.560519287109375,0.2110288143157959,0.374161809682846,0.1142663806676864
2026-09-17T08:01:41.195478,1789632101195478500,2.570478515625,0.1559634357690811,0.298554390668869,0.1449547857046127
2026-09-17T08:01:41.205437,1789632101205437400,2.5804375,0.0626683831214904,0.160838320851326,0.1454136371612548
2026-09-17T08:01:41.215395,1789632101215395300,2.590395263671875,-0.0408782474696636,0.0088035259395837,0.1262431442737579
2026-09-17T08:01:41.225354,1789632101225354500,2.6003544921875,-0.11778474599123,-0.0961665660142898,0.1088287457823753
2026-09-17T08:01:41.235313,1789632101235313400,2.6103134765625,-0.1543579399585724,-0.1124422028660774,0.0958405062556266
2026-09-17T08:01:41.245271,1789632101245271600,2.620271484375,-0.1612307727336883,-0.0757001712918281,0.0839518904685974
2026-09-17T08:01:41.255230,1789632101255230500,2.63023046875,-0.1744855791330337,-0.0650989264249801,0.0642841756343841
2026-09-17T08:01:41.265189,1789632101265189400,2.640189453125,-0.2288324534893036,-0.0754469037055969,0.0335960388183593
2026-09-17T08:01:41.275148,1789632101275148300,2.650148193359375,-0.3242409825325012,-0.0567792132496833,0.0062634842470288
2026-09-17T08:01:41.285106,1789632101285106400,2.6601064453125,-0.4306981861591339,-0.039704356342554,-0.0146588422358036
2026-09-17T08:01:41.295065,1789632101295065300,2.6700654296875,-0.4892278015613556,-0.0057554426603019,-0.0292186103761196
2026-09-17T08:01:41.305024,1789632101305024500,2.6800244140625,-0.468392014503479,0.0519773587584495,-0.0129325808957219
2026-09-17T08:01:41.314983,1789632101314983700,2.689983642578125,-0.3674885928630829,0.1079599410295486,0.0306561738252639
2026-09-17T08:01:41.324941,1789632101324941300,2.69994140625,-0.2141120880842209,0.1442937105894088,0.0741298869252204
2026-09-17T08:01:41.334900,1789632101334900700,2.709900634765625,-0.056182637810707,0.1752500236034393,0.1021905466914177
2026-09-17T08:01:41.344859,1789632101344859600,2.719859619140625,0.0735175684094429,0.1837862581014633,0.1083368584513664
2026-09-17T08:01:41.354818,1789632101354818600,2.729818603515625,0.1552630215883255,0.1467286348342895,0.1097584515810012
2026-09-17T08:01:41.364776,1789632101364776700,2.739776611328125,0.1879165768623352,0.077953040599823,0.1195961683988571
2026-09-17T08:01:41.374735,1789632101374735600,2.749735595703125,0.1593192815780639,-0.0309691857546567,0.1133838146924972
2026-09-17T08:01:41.384694,1789632101384694500,2.759694580078125,0.0590731166303157,-0.1650454998016357,0.0887748748064041
2026-09-17T08:01:41.394652,1789632101394652700,2.769652587890625,-0.0791790336370468,-0.2484956532716751,0.0581479892134666
2026-09-17T08:01:41.404611,1789632101404611600,2.779611572265625,-0.2087266445159912,-0.2547607123851776,0.0261668842285871
2026-09-17T08:01:41.414570,1789632101414570500,2.789570556640625,-0.3136631548404693,-0.22135990858078,-0.0238163881003856
2026-09-17T08:01:41.424529,1789632101424529700,2.79952978515625,-0.3649348616600036,-0.1179243251681327,-0.0651843324303627
2026-09-17T08:01:41.434487,1789632101434487600,2.809487548828125,-0.3720670044422149,0.0369340032339096,-0.0784944668412208
2026-09-17T08:01:41.444446,1789632101444446500,2.819446533203125,-0.3770561516284942,0.1610298454761505,-0.0670593827962875
2026-09-17T08:01:41.454405,1789632101454405600,2.829405517578125,-0.3823404014110565,0.2326909899711609,-0.0341435074806213
2026-09-17T08:01:41.464364,1789632101464364500,2.839364501953125,-0.377031922340393,0.2449356764554977,0.0026848146226257
2026-09-17T08:01:41.474322,1789632101474322400,2.849322509765625,-0.357341319322586,0.1764125376939773,0.0196406282484531
2026-09-17T08:01:41.484281,1789632101484281600,2.859281494140625,-0.3254709839820862,0.0682085677981376,0.0172808021306991
2026-09-17T08:01:41.494240,1789632101494240500,2.869240478515625,-0.2740480303764343,-0.0520368814468383,-0.0151240099221467
2026-09-17T08:01:41.504199,1789632101504199400,2.879199462890625,-0.2307482212781906,-0.1705965548753738,-0.0773341208696365
2026-09-17T08:01:41.514157,1789632101514157600,2.889157470703125,-0.1898889392614364,-0.2444641143083572,-0.1227692514657974
2026-09-17T08:01:41.524116,1789632101524116500,2.899116455078125,-0.1358864158391952,-0.2645267844200134,-0.1358277946710586
2026-09-17T08:01:41.534075,1789632101534075400,2.909075439453125,-0.0630622804164886,-0.2534493505954742,-0.1211923956871032
2026-09-17T08:01:41.544033,1789632101544033500,2.919033447265625,0.0072395773604512,-0.2061156630516052,-0.0998844429850578
2026-09-17T08:01:41.553992,1789632101553992400,2.928992431640625,0.0568042024970054,-0.1359208673238754,-0.0676905512809753
2026-09-17T08:01:41.563951,1789632101563951600,2.93895166015625,0.0764495432376861,-0.0514973253011703,-0.0261209998279809
2026-09-17T08:01:41.573910,1789632101573910500,2.94891064453125,0.0673380717635154,0.0299975331872701,0.0163444336503744
2026-09-17T08:01:41.583868,1789632101583868400,2.958868408203125,0.0594063773751258,0.0749389082193374,0.0489292740821838
2026-09-17T08:01:41.593827,1789632101593827600,2.96882763671875,0.0614809803664684,0.1104889139533042,0.0880923867225647
2026-09-17T08:01:41.603786,1789632101603786500,2.978786376953125,0.0805843621492385,0.1420212686061859,0.1387318670749664
2026-09-17T08:01:41.613745,1789632101613745400,2.988745361328125,0.1012281253933906,0.1537109464406967,0.1780342608690261
2026-09-17T08:01:41.623703,1789632101623703600,2.99870361328125,0.1386705785989761,0.1244185790419578,0.1779082864522934
2026-09-17T08:01:41.633662,1789632101633662500,3.008662353515625,0.1861451417207718,0.102475993335247,0.1464968472719192
2026-09-17T08:01:41.643621,1789632101643621400,3.018621337890625,0.2005555033683776,0.1115118339657783,0.0698987320065498
2026-09-17T08:01:41.653580,1789632101653580500,3.02858056640625,0.1465604454278946,0.06072748452425,-0.0784582421183586
2026-09-17T08:01:41.663538,1789632101663538400,3.038538330078125,0.0151049569249153,-0.0095959482714533,-0.2177623361349105
2026-09-17T08:01:41.673497,1789632101673497300,3.048497314453125,-0.1306258738040924,-0.0355468541383743,-0.3517656922340393
2026-09-17T08:01:41.683456,1789632101683456500,3.05845654296875,-0.242898628115654,0.0414323471486568,-0.44727224111557
2026-09-17T08:01:41.693414,1789632101693414400,3.068414306640625,-0.2630784511566162,0.1870374828577041,-0.4714236259460449
2026-09-17T08:01:41.703373,1789632101703373300,3.078373291015625,-0.1905797570943832,0.3641619384288788,-0.4207617938518524
2026-09-17T08:01:41.713332,1789632101713332500,3.08833251953125,-0.0393795892596244,0.5094261765480042,-0.3247875869274139
2026-09-17T08:01:41.723291,1789632101723291400,3.09829150390625,0.1407781988382339,0.5782052278518677,-0.185693085193634
2026-09-17T08:01:41.733249,1789632101733249500,3.10824951171875,0.3183484673500061,0.5329959392547607,-0.0346082299947738
2026-09-17T08:01:41.743208,1789632101743208400,3.11820849609375,0.4559739530086517,0.4249853193759918,0.0864550769329071
2026-09-17T08:01:41.753167,1789632101753167400,3.12816748046875,0.514800488948822,0.2349000871181488,0.1529158502817154
2026-09-17T08:01:41.763126,1789632101763126500,3.13812646484375,0.4902341961860657,-0.0139680597931146,0.154939591884613
2026-09-17T08:01:41.773084,1789632101773084400,3.14808447265625,0.413847267627716,-0.2087165117263794,0.0986920371651649
2026-09-17T08:01:41.783043,1789632101783043300,3.158043212890625,0.3239083290100097,-0.2832309603691101,0.0068201711401343
2026-09-17T08:01:41.793002,1789632101793002500,3.16800244140625,0.2295506745576858,-0.2809483706951141,-0.0967634841799736
2026-09-17T08:01:41.802960,1789632101802960400,3.17796044921875,0.1349109858274459,-0.2286026030778885,-0.1944508999586105
2026-09-17T08:01:41.812919,1789632101812919600,3.18791943359375,0.0322013869881629,-0.1394026726484298,-0.26922607421875
2026-09-17T08:01:41.822878,1789632101822878700,3.197878662109375,-0.0706019550561904,-0.0478533208370208,-0.3122414350509643
2026-09-17T08:01:41.832837,1789632101832837600,3.207837646484375,-0.1690773963928222,0.0076719876378774,-0.3261114656925201
2026-09-17T08:01:41.842795,1789632101842795500,3.21779541015625,-0.2419177889823913,0.0258352793753147,-0.3107162415981293
2026-09-17T08:01:41.852754,1789632101852754700,3.227754638671875,-0.2780203819274902,0.0159536190330982,-0.2916557490825653
2026-09-17T08:01:41.862713,1789632101862713600,3.237713623046875,-0.2553273439407348,-0.0192046333104372,-0.2838694453239441
2026-09-17T08:01:41.872672,1789632101872672500,3.247672607421875,-0.1563197970390319,-0.0384281277656555,-0.2587102949619293
2026-09-17T08:01:41.882630,1789632101882630700,3.257630615234375,-0.0005251346156001,-0.0206592511385679,-0.2060164660215377
2026-09-17T08:01:41.892589,1789632101892589600,3.267589599609375,0.1521576195955276,0.0225092582404613,-0.1328208148479461
2026-09-17T08:01:41.902548,1789632101902548500,3.277548583984375,0.2610204517841339,0.051941979676485,-0.0527286417782306
2026-09-17T08:01:41.912507,1789632101912507600,3.287507568359375,0.3166030347347259,0.0492937341332435,0.0221820827573537
2026-09-17T08:01:41.922465,1789632101922465500,3.297465576171875,0.316785991191864,0.0198429003357887,0.0833578184247016
2026-09-17T08:01:41.932424,1789632101932424400,3.307424560546875,0.2691156566143036,-0.0079778116196393,0.1385092288255691
2026-09-17T08:01:41.942383,1789632101942383600,3.317383544921875,0.2025382369756698,-0.0334357656538486,0.1532892286777496
2026-09-17T08:01:41.952341,1789632101952341500,3.327341552734375,0.1214503049850463,-0.0335161946713924,0.1385030895471573
2026-09-17T08:01:41.962300,1789632101962300400,3.337300537109375,0.0400459952652454,-0.0445326268672943,0.0975721776485443
2026-09-17T08:01:41.972259,1789632101972259600,3.347259521484375,-0.0308177918195724,-0.050676804035902,0.0349263735115528
2026-09-17T08:01:41.982218,1789632101982218500,3.357218505859375,-0.068055972456932,-0.0181257873773574,-0.0109103564172983
2026-09-17T08:01:41.992176,1789632101992176600,3.3671767578125,-0.0612156465649604,0.0464350953698158,-0.0224620830267667
2026-09-17T08:01:42.002135,1789632102002135600,3.377135498046875,-0.013200981542468,0.0907042920589447,-0.0086392126977443
2026-09-17T08:01:42.012094,1789632102012094700,3.3870947265625,0.0436993166804313,0.0876341983675956,0.0224617160856723
2026-09-17T08:01:42.022053,1789632102022053600,3.3970537109375,0.0816490948200225,0.0397225990891456,0.0563898533582687
2026-09-17T08:01:42.032011,1789632102032011800,3.40701171875,0.0925480872392654,-0.0226728674024343,0.0774290934205055
2026-09-17T08:01:42.041970,1789632102041970700,3.416970703125,0.0731671974062919,-0.0797875523567199,0.0742764398455619
2026-09-17T08:01:42.051929,1789632102051929900,3.426929931640625,0.0553186908364295,-0.124069258570671,0.0686779394745826
2026-09-17T08:01:42.061889,1789632102061889000,3.436888916015625,0.0671844035387039,-0.1298632323741912,0.0850920677185058
2026-09-17T08:01:42.071846,1789632102071846700,3.4468466796875,0.1228806897997856,-0.0616005584597587,0.1457540839910507
2026-09-17T08:01:42.081805,1789632102081805800,3.456805908203125,0.1998875886201858,0.0094903940334916,0.2291866540908813
2026-09-17T08:01:42.091765,1789632102091765000,3.466764892578125,0.2686259150505066,0.0637016966938972,0.3341253399848938
2026-09-17T08:01:42.101722,1789632102101722600,3.47672265625,0.3200701773166656,0.0721891969442367,0.4212402403354645
2026-09-17T08:01:42.111682,1789632102111682000,3.48668212890625,0.3337036967277527,0.0291764810681343,0.4566448628902435
2026-09-17T08:01:42.121641,1789632102121641000,3.496640869140625,0.318061888217926,-0.0561741031706333,0.4386693239212036
2026-09-17T08:01:42.131600,1789632102131600000,3.506599853515625,0.2840820848941803,-0.116471529006958,0.3893888592720032
2026-09-17T08:01:42.141558,1789632102141558000,3.51655810546875,0.2562249004840851,-0.1578045934438705,0.3287380039691925
2026-09-17T08:01:42.151517,1789632102151517000,3.526516845703125,0.2197121679782867,-0.1880850046873092,0.2680059671401977
2026-09-17T08:01:42.161475,1789632102161475800,3.536475830078125,0.1602283269166946,-0.2248366177082061,0.2051982432603836
2026-09-17T08:01:42.171434,1789632102171434800,3.546434814453125,0.0680707022547721,-0.2876829504966736,0.1253063380718231
2026-09-17T08:01:42.181393,1789632102181393000,3.556392822265625,-0.0651528611779213,-0.3134844601154327,0.0126889795064926
2026-09-17T08:01:42.191351,1789632102191351800,3.566351806640625,-0.2332771569490432,-0.2648122608661651,-0.1308008134365081
2026-09-17T08:01:42.201311,1789632102201311000,3.57631103515625,-0.404451847076416,-0.2205353528261184,-0.2737576961517334
2026-09-17T08:01:42.211270,1789632102211270000,3.586269775390625,-0.539238452911377,-0.2336167991161346,-0.3569812178611755
2026-09-17T08:01:42.221227,1789632102221227800,3.596227783203125,-0.6030539274215698,-0.2826525270938873,-0.3556339144706726
2026-09-17T08:01:42.231187,1789632102231187000,3.60618701171875,-0.5757735371589661,-0.3062747418880462,-0.2768421769142151
2026-09-17T08:01:42.241145,1789632102241145900,3.616145751953125,-0.4701360464096069,-0.2866624295711517,-0.12653549015522
2026-09-17T08:01:42.251104,1789632102251104000,3.62610400390625,-0.3017723262310028,-0.1921926587820053,0.0353135988116264
2026-09-17T08:01:42.261063,1789632102261063000,3.63606298828125,-0.1127046719193458,-0.0329766385257244,0.1482428163290023
2026-09-17T08:01:42.271021,1789632102271021800,3.646021728515625,0.0585821270942688,0.1104407086968422,0.1741575002670288
2026-09-17T08:01:42.280980,1789632102280980700,3.655980712890625,0.1806212216615677,0.1712771654129028,0.1277106404304504
2026-09-17T08:01:42.290939,1789632102290939000,3.66593896484375,0.2256382256746292,0.1473633050918579,0.0536918044090271
2026-09-17T08:01:42.300897,1789632102300897800,3.675897705078125,0.2206013947725296,0.1165718436241149,0.0093227438628673
2026-09-17T08:01:42.310856,1789632102310856700,3.685856689453125,0.171910285949707,0.0542639903724193,-0.0070754047483205
2026-09-17T08:01:42.320815,1789632102320815900,3.69581591796875,0.0969164669513702,-0.0092800976708531,0.0007966334815137
2026-09-17T08:01:42.330773,1789632102330773800,3.705773681640625,0.011708628386259,-0.0757043957710266,0.0287462435662746
2026-09-17T08:01:42.340733,1789632102340733000,3.71573291015625,-0.07097639888525,-0.1130653470754623,0.0667101293802261
2026-09-17T08:01:42.350691,1789632102350691800,3.72569189453125,-0.1366765797138214,-0.1284299194812774,0.0943329706788063
2026-09-17T08:01:42.360650,1789632102360650800,3.735650634765625,-0.1828046590089798,-0.137479081749916,0.0939153879880905
2026-09-17T08:01:42.370609,1789632102370609000,3.74560888671875,-0.213741272687912,-0.1431377679109573,0.0699325576424598
2026-09-17T08:01:42.380567,1789632102380567800,3.75556787109375,-0.2422874271869659,-0.152800515294075,0.0339609794318676
2026-09-17T08:01:42.390526,1789632102390526700,3.765526611328125,-0.2574416100978851,-0.1738567948341369,-0.0247244387865066
2026-09-17T08:01:42.400484,1789632102400484900,3.77548486328125,-0.2712301313877105,-0.1862884312868118,-0.084835447371006
2026-09-17T08:01:42.410443,1789632102410443800,3.78544384765625,-0.2785815298557281,-0.1825922280550003,-0.1514669358730316
2026-09-17T08:01:42.420402,1789632102420402700,3.795402587890625,-0.2728964686393738,-0.1433329731225967,-0.206205815076828
2026-09-17T08:01:42.430361,1789632102430361900,3.80536181640625,-0.2484773993492126,-0.0727277770638465,-0.2347679585218429
2026-09-17T08:01:42.440319,1789632102440319700,3.81531982421875,-0.2145372927188873,-0.0064294496551156,-0.2427659630775451
2026-09-17T08:01:42.450278,1789632102450278700,3.825278564453125,-0.1660327166318893,0.0259681474417448,-0.2349149584770202
2026-09-17T08:01:42.460237,1789632102460237800,3.83523779296875,-0.1135553941130638,0.0459224134683609,-0.2096633911132812
2026-09-17T08:01:42.470196,1789632102470196700,3.84519677734375,-0.0619001910090446,0.0874629393219947,-0.1585496068000793
2026-09-17T08:01:42.480155,1789632102480155000,3.85515478515625,-0.0018834578804671,0.1407067030668258,-0.0766100063920021
2026-09-17T08:01:42.490113,1789632102490113800,3.86511376953125,0.0505709648132324,0.1761541813611984,-0.0006300245877355
2026-09-17T08:01:42.500072,1789632102500072700,3.87507275390625,0.0846724733710289,0.1522389948368072,0.0356358364224433
2026-09-17T08:01:42.510032,1789632102510032000,3.885031982421875,0.1108705252408981,0.115808293223381,0.0512845702469348
2026-09-17T08:01:42.519989,1789632102519989800,3.89498974609375,0.1318231970071792,0.1088459864258766,0.0602146834135055
2026-09-17T08:01:42.529949,1789632102529949000,3.904948974609375,0.144818902015686,0.0697427988052368,0.0417864061892032
2026-09-17T08:01:42.539907,1789632102539907800,3.914907958984375,0.144023135304451,0.0315940752625465,0.0135702164843678
2026-09-17T08:01:42.549865,1789632102549865700,3.92486572265625,0.1363899856805801,0.0035344776697456,-0.0236141700297594
2026-09-17T08:01:42.559825,1789632102559825000,3.934824951171875,0.1002698093652725,-0.0289880465716123,-0.0642617270350456
2026-09-17T08:01:42.569783,1789632102569783800,3.94478369140625,0.0294899120926857,-0.0558683946728706,-0.1053391247987747
2026-09-17T08:01:42.579743,1789632102579743000,3.954742919921875,-0.0482381731271743,-0.0678717941045761,-0.1267338991165161
2026-09-17T08:01:42.589700,1789632102589700900,3.964700927734375,-0.1155005618929863,-0.0644922405481338,-0.1424814313650131
2026-09-17T08:01:42.599660,1789632102599660000,3.974659912109375,-0.1510505825281143,-0.079031765460968,-0.1502826362848281
2026-09-17T08:01:42.609619,1789632102609619000,3.984618896484375,-0.1408794373273849,-0.1055976003408432,-0.1391945630311966
2026-09-17T08:01:42.619577,1789632102619577900,3.994577880859375,-0.0942437425255775,-0.0827639251947403,-0.1085671409964561
2026-09-17T08:01:42.629536,1789632102629536000,4.004535888671875,-0.0177519023418426,0.0061473050154745,-0.0576970390975475
2026-09-17T08:01:42.639495,1789632102639495000,4.014494873046875,0.0591796264052391,0.084270603954792,-0.0113130286335945
2026-09-17T08:01:42.649453,1789632102649453800,4.024453857421875,0.1063775047659874,0.1016061827540397,0.0025266201701015
2026-09-17T08:01:42.659412,1789632102659412700,4.034412841796875,0.1173659712076187,0.063038021326065,-0.0158798173069953
2026-09-17T08:01:42.669371,1789632102669371000,4.044370849609375,0.1068185195326805,0.0180191434919834,-0.0269697532057762
2026-09-17T08:01:42.679329,1789632102679329800,4.054329833984375,0.0871870294213295,-0.0365130752325058,-0.0332859717309474
2026-09-17T08:01:42.689289,1789632102689289000,4.0642890625,0.0601013526320457,-0.0922809913754463,-0.0477615855634212
2026-09-17T08:01:42.699246,1789632102699246800,4.074246826171875,0.0282289050519466,-0.1409324258565902,-0.0613540932536125
2026-09-17T08:01:42.709205,1789632102709205800,4.084205810546875,-0.001275457907468,-0.1632699519395828,-0.0574376471340656
2026-09-17T08:01:42.719165,1789632102719165000,4.0941650390625,-0.00138890882954,-0.1098863556981086,-0.0263950433582067
2026-09-17T08:01:42.729123,1789632102729123800,4.104123779296875,0.0347091741859912,-0.0010549479629844,0.0238683931529521
2026-09-17T08:01:42.739082,1789632102739082000,4.11408203125,0.0932366698980331,0.0978093147277832,0.0642227455973625
2026-09-17T08:01:42.749041,1789632102749041000,4.124041015625,0.1536784321069717,0.1511409729719162,0.0942618697881698
2026-09-17T08:01:42.758999,1789632102758999800,4.133999755859375,0.190488651394844,0.1660629361867904,0.1124797537922859
2026-09-17T08:01:42.768958,1789632102768958700,4.143958740234375,0.1905107498168945,0.139742374420166,0.0925459936261177
2026-09-17T08:01:42.778916,1789632102778916900,4.153916748046875,0.1433280557394027,0.0706109851598739,0.025909174233675
2026-09-17T08:01:42.788875,1789632102788875800,4.163875732421875,0.0507531240582466,-0.0089706610888242,-0.0808614790439605
2026-09-17T08:01:42.798834,1789632102798834700,4.173834716796875,-0.0574588328599929,-0.0633886232972145,-0.2160243541002273
2026-09-17T08:01:42.808793,1789632102808793900,4.1837939453125,-0.1668167561292648,-0.0553613305091857,-0.3419750928878784
2026-09-17T08:01:42.818751,1789632102818751700,4.193751708984375,-0.2462463229894638,0.0218865871429443,-0.422401487827301
2026-09-17T08:01:42.828711,1789632102828711000,4.2037109375,-0.267691433429718,0.1304484754800796,-0.442421019077301
2026-09-17T08:01:42.838669,1789632102838669800,4.213669921875,-0.2168144136667251,0.2602946162223816,-0.4207692444324493
2026-09-17T08:01:42.848627,1789632102848627700,4.223627685546875,-0.1037594899535179,0.3826130926609039,-0.3623125851154327
2026-09-17T08:01:42.858587,1789632102858587000,4.2335869140625,0.045032650232315,0.4380086958408355,-0.2983695566654205
2026-09-17T08:01:42.868545,1789632102868545800,4.2435458984375,0.2011319696903228,0.4279983937740326,-0.2488912343978881
2026-09-17T08:01:42.878504,1789632102878504700,4.253504638671875,0.3533436357975006,0.3798399269580841,-0.2041216194629669
2026-09-17T08:01:42.888462,1789632102888462800,4.263462890625,0.4587672352790832,0.2776965200901031,-0.1795598268508911
2026-09-17T08:01:42.898421,1789632102898421800,4.273421875,0.502127468585968,0.1609051823616027,-0.1664954274892807
2026-09-17T08:01:42.908380,1789632102908380700,4.283380615234375,0.4867797195911407,0.0700772851705551,-0.1744550764560699
2026-09-17T08:01:42.918339,1789632102918339800,4.29333984375,0.446189135313034,0.0387803502380847,-0.1904987543821334
2026-09-17T08:01:42.928297,1789632102928297700,4.303297607421875,0.3878917396068573,0.0166649259626865,-0.2195000499486923
2026-09-17T08:01:42.938256,1789632102938256600,4.313256591796875,0.2940044105052948,-0.0541455969214439,-0.2698476314544678
2026-09-17T08:01:42.948215,1789632102948215800,4.3232158203125,0.1643465161323547,-0.1504044979810714,-0.3271713852882385
2026-09-17T08:01:42.958175,1789632102958175000,4.333175048828125,0.0225268099457025,-0.2167555540800094,-0.3544940948486328
2026-09-17T08:01:42.968132,1789632102968132600,4.343132568359375,-0.1048308759927749,-0.2179422527551651,-0.3495174348354339
2026-09-17T08:01:42.978091,1789632102978091800,4.353091796875,-0.1821373850107193,-0.1578679978847503,-0.3285277187824249
2026-09-17T08:01:42.988051,1789632102988051000,4.363051025390625,-0.2012546211481094,-0.0697274804115295,-0.3101599216461181
2026-09-17T08:01:42.998008,1789632102998008800,4.3730087890625,-0.1797948777675628,0.038238663226366,-0.2949444651603699
2026-09-17T08:01:43.007968,1789632103007968000,4.382968017578125,-0.1157189458608627,0.1423967480659485,-0.2717957496643066
2026-09-17T08:01:43.017927,1789632103017927200,4.39292724609375,-0.018048046156764,0.2003010660409927,-0.238871082663536
2026-09-17T08:01:43.027886,1789632103027886000,4.402885986328125,0.0704501271247863,0.1726164370775222,-0.2154368609189987
2026-09-17T08:01:43.037844,1789632103037844200,4.41284423828125,0.12903992831707,0.0958066210150718,-0.1921563148498535
2026-09-17T08:01:43.047803,1789632103047803100,4.42280322265625,0.1623408943414688,0.0270406026393175,-0.1630484908819198
2026-09-17T08:01:43.057762,1789632103057762000,4.432761962890625,0.1779384911060333,-0.0242968872189521,-0.1261852830648422
2026-09-17T08:01:43.067721,1789632103067721200,4.44272119140625,0.1573892831802368,-0.0811156928539276,-0.0988231673836708
2026-09-17T08:01:43.077679,1789632103077679000,4.45267919921875,0.0933522507548332,-0.1295138597488403,-0.0851584896445274
2026-09-17T08:01:43.087638,1789632103087638000,4.462637939453125,0.0095769232138991,-0.1079731360077858,-0.0700980424880981
2026-09-17T08:01:43.097597,1789632103097597200,4.47259716796875,-0.0586042627692222,-0.019409455358982,-0.0352993234992027
2026-09-17T08:01:43.107556,1789632103107556000,4.48255615234375,-0.1018446758389473,0.0562916994094848,0.0106460656970739
2026-09-17T08:01:43.117514,1789632103117514200,4.49251416015625,-0.1320302784442901,0.0590970702469348,0.0510675236582756
2026-09-17T08:01:43.127473,1789632103127473200,4.50247314453125,-0.1533108055591583,0.0039965361356735,0.083809494972229
2026-09-17T08:01:43.137432,1789632103137432000,4.51243212890625,-0.1568128615617752,-0.0885813310742378,0.1140329092741012
2026-09-17T08:01:43.147390,1789632103147390200,4.52239013671875,-0.1489871591329574,-0.2114891558885574,0.1390501111745834
2026-09-17T08:01:43.157349,1789632103157349000,4.53234912109375,-0.1340992897748947,-0.2812319993972778,0.1425260752439499
2026-09-17T08:01:43.167308,1789632103167308000,4.54230810546875,-0.0907579362392425,-0.2733477354049682,0.1564069986343383
2026-09-17T08:01:43.177267,1789632103177267200,4.55226708984375,-0.0029724244959652,-0.1948071122169494,0.1853683441877365
2026-09-17T08:01:43.187225,1789632103187225000,4.56222509765625,0.1209279522299766,-0.0551051348447799,0.2339033931493759
2026-09-17T08:01:43.197184,1789632103197184000,4.57218408203125,0.2576527893543243,0.0890230163931846,0.3030132055282593
2026-09-17T08:01:43.207143,1789632103207143200,4.58214306640625,0.3701021075248718,0.1406822055578231,0.3805136084556579
2026-09-17T08:01:43.217102,1789632103217102000,4.59210205078125,0.4159010052680969,0.0873465538024902,0.4432267844676971
2026-09-17T08:01:43.227060,1789632103227060000,4.60206005859375,0.4025724232196808,-0.0196147840470075,0.4627943634986877
2026-09-17T08:01:43.237019,1789632103237019100,4.61201904296875,0.3397449851036072,-0.149540290236473,0.4502034783363342
2026-09-17T08:01:43.246978,1789632103246978000,4.62197802734375,0.2467021197080612,-0.2344144433736801,0.3951801657676697
2026-09-17T08:01:43.256937,1789632103256937000,4.63193701171875,0.1517881155014038,-0.2129938304424286,0.3293462991714477
2026-09-17T08:01:43.266895,1789632103266895000,4.64189501953125,0.0772654265165329,-0.1531182527542114,0.2807105779647827
2026-09-17T08:01:43.276854,1789632103276854000,4.65185400390625,0.0399332344532012,-0.0899403393268585,0.2392430305480957
2026-09-17T08:01:43.286813,1789632103286813000,4.66181298828125,0.0267596393823623,0.0122824292629957,0.1831166446208953
2026-09-17T08:01:43.296772,1789632103296772400,4.6717724609375,0.0251401700079441,0.104911170899868,0.1053731068968772
2026-09-17T08:01:43.306730,1789632103306730000,4.68172998046875,0.0117758959531784,0.2177330553531646,0.0032954749185591
2026-09-17T08:01:43.316689,1789632103316689000,4.69168896484375,-0.0514480844140052,0.2569531500339508,-0.1136077046394348
2026-09-17T08:01:43.326648,1789632103326648300,4.7016484375,-0.1700271964073181,0.1913251429796219,-0.2306847870349884
2026-09-17T08:01:43.336606,1789632103336606000,4.71160595703125,-0.3169966638088226,0.0477203130722045,-0.3341035842895508
2026-09-17T08:01:43.346565,1789632103346565000,4.721565185546875,-0.486248254776001,-0.1538825780153274,-0.4115746915340423
2026-09-17T08:01:43.356524,1789632103356524300,4.731524169921875,-0.6759058237075806,-0.4088933169841766,-0.4351934492588043
2026-09-17T08:01:43.366483,1789632103366483200,4.741483154296875,-0.8313960433006287,-0.6204620003700256,-0.4091163277626037
2026-09-17T08:01:43.376441,1789632103376441300,4.75144140625,-0.8577938675880432,-0.6115694642066956,-0.3446057736873626
2026-09-17T08:01:43.386400,1789632103386400300,4.761400146484375,-0.7290534377098083,-0.3455220460891723,-0.2081688344478607
2026-09-17T08:01:43.396359,1789632103396359200,4.771359130859375,-0.4733356535434723,0.0155051201581954,-0.0494409725069999
2026-09-17T08:01:43.406318,1789632103406318000,4.781318115234375,-0.1618020236492157,0.3432680666446686,0.1246567964553833
2026-09-17T08:01:43.416276,1789632103416276200,4.791276123046875,0.1371892094612121,0.5461399555206299,0.2925009131431579
2026-09-17T08:01:43.426235,1789632103426235100,4.801235107421875,0.36590576171875,0.5393962860107422,0.4227033853530884
2026-09-17T08:01:43.436194,1789632103436194300,4.8111943359375,0.5165879130363464,0.3759714365005493,0.5416409373283386
2026-09-17T08:01:43.446153,1789632103446153200,4.8211533203125,0.586254358291626,0.1152351796627044,0.6330952048301697
2026-09-17T08:01:43.456111,1789632103456111000,4.831111083984375,0.5869574546813965,-0.1361392736434936,0.6595380306243896
2026-09-17T08:01:43.466070,1789632103466070300,4.8410703125,0.5378775596618652,-0.2964779734611511,0.6417970061302185
2026-09-17T08:01:43.476029,1789632103476029200,4.851029296875,0.4530148804187774,-0.3423695564270019,0.5829616785049438
2026-09-17T08:01:43.485987,1789632103485987000,4.860987060546875,0.3292441964149475,-0.3269972503185272,0.4877574145793915
2026-09-17T08:01:43.495946,1789632103495946200,4.8709462890625,0.181720495223999,-0.3162181079387665,0.3786423802375793
2026-09-17T08:01:43.505905,1789632103505905200,4.8809052734375,0.033018909394741,-0.3130404353141784,0.2946792840957641
2026-09-17T08:01:43.515864,1789632103515864000,4.890864013671875,-0.0958969965577125,-0.3034969866275787,0.2427005171775818
2026-09-17T08:01:43.525822,1789632103525822200,4.900822265625,-0.2046471834182739,-0.3039246797561645,0.1898066699504852
2026-09-17T08:01:43.535781,1789632103535781000,4.910781005859375,-0.3082944750785827,-0.3302828073501587,0.1241613551974296
2026-09-17T08:01:43.545740,1789632103545740000,4.920739990234375,-0.405976802110672,-0.3579719364643097,0.0477419421076774
2026-09-17T08:01:43.555699,1789632103555699200,4.93069921875,-0.4793333113193512,-0.3259809911251068,-0.0206666756421327
2026-09-17T08:01:43.565657,1789632103565657000,4.940656982421875,-0.5214999318122864,-0.2407393455505371,-0.0925001129508018
2026-09-17T08:01:43.575616,1789632103575616000,4.950615966796875,-0.5319550037384033,-0.1248375177383422,-0.1572615355253219
2026-09-17T08:01:43.585575,1789632103585575200,4.9605751953125,-0.5092741847038269,0.0142876245081424,-0.1966006904840469
2026-09-17T08:01:43.595534,1789632103595534000,4.9705341796875,-0.4481309354305267,0.1379017084836959,-0.1706958562135696
2026-09-17T08:01:43.605492,1789632103605492200,4.9804921875,-0.3628421127796173,0.2084400504827499,-0.0859181135892868
2026-09-17T08:01:43.615451,1789632103615451100,4.990451171875,-0.2833134829998016,0.2244413942098617,0.0376107469201087
2026-09-17T08:01:43.625410,1789632103625410000,5.00041015625,-0.2146068662405014,0.2170332670211792,0.1633961051702499
2026-09-17T08:01:43.635369,1789632103635369000,5.010368896484375,-0.1470967978239059,0.1674606651067733,0.2720898389816284
2026-09-17T08:01:43.645327,1789632103645327000,5.0203271484375,-0.0782610103487968,0.0818221867084503,0.332082062959671
2026-09-17T08:01:43.655286,1789632103655286000,5.0302861328125,-0.0126180853694677,-0.0057859518565237,0.3457808196544647
2026-09-17T08:01:43.665245,1789632103665245200,5.0402451171875,0.0508437119424343,-0.0588595569133758,0.3280979692935943
2026-09-17T08:01:43.675203,1789632103675203000,5.050203125,0.0907117649912834,-0.0729996114969253,0.3022900819778442
2026-09-17T08:01:43.685162,1789632103685162000,5.060161865234375,0.0917645096778869,-0.0768345668911933,0.2550344169139862
2026-09-17T08:01:43.695121,1789632103695121200,5.07012109375,0.0514024421572685,-0.0800995975732803,0.1891464740037918
2026-09-17T08:01:43.705080,1789632103705080000,5.080080078125,-0.0303467474877834,-0.0939677432179451,0.119926132261753
2026-09-17T08:01:43.715038,1789632103715038000,5.090037841796875,-0.1279992759227752,-0.0949477925896644,0.0588782168924808
2026-09-17T08:01:43.724997,1789632103724997000,5.0999970703125,-0.2175225019454956,-0.1098590940237045,-0.0029012602753937
2026-09-17T08:01:43.734956,1789632103734956000,5.1099560546875,-0.2887926697731018,-0.1732905358076095,-0.0676956996321678
2026-09-17T08:01:43.744915,1789632103744915000,5.1199150390625,-0.3077514469623565,-0.2174111157655716,-0.1032784581184387
2026-09-17T08:01:43.754873,1789632103754873000,5.129873046875,-0.266852468252182,-0.225092202425003,-0.0983433574438095
2026-09-17T08:01:43.764832,1789632103764832000,5.13983203125,-0.183608204126358,-0.2301040142774582,-0.07664205878973
2026-09-17T08:01:43.774791,1789632103774791200,5.149791259765625,-0.0931669920682907,-0.227814495563507,-0.0682264640927314
2026-09-17T08:01:43.784750,1789632103784750300,5.159750244140625,-0.024069944396615,-0.2036636173725128,-0.0843849331140518
2026-09-17T08:01:43.794708,1789632103794708000,5.1697080078125,0.0268196016550064,-0.1614192277193069,-0.1283369362354278
2026-09-17T08:01:43.804667,1789632103804667100,5.179667236328125,0.0726856291294097,-0.1027330085635185,-0.1695618778467178
2026-09-17T08:01:43.814626,1789632103814626300,5.189626220703125,0.1136176139116287,-0.0817901790142059,-0.1905433237552642
2026-09-17T08:01:43.824584,1789632103824584000,5.199583984375,0.1391341537237167,-0.076402336359024,-0.1727270483970642
2026-09-17T08:01:43.834543,1789632103834543000,5.209543212890625,0.1374220103025436,-0.0831619724631309,-0.1382670700550079
2026-09-17T08:01:43.844502,1789632103844502300,5.219502197265625,0.1099451184272766,-0.0971723273396492,-0.115560159087181
2026-09-17T08:01:43.854461,1789632103854461200,5.229461181640625,0.0482239611446857,-0.1313593238592147,-0.1166427358984947
2026-09-17T08:01:43.864419,1789632103864419300,5.23941943359375,-0.0415288284420967,-0.1590271741151809,-0.132261648774147
2026-09-17T08:01:43.874378,1789632103874378200,5.249378173828125,-0.1441151201725006,-0.1431880295276641,-0.1553680300712585
2026-09-17T08:01:43.884337,1789632103884337200,5.259337158203125,-0.2455751746892929,-0.1261017173528671,-0.1886194497346878
2026-09-17T08:01:43.894296,1789632103894296000,5.269296142578125,-0.3489702641963959,-0.1359293162822723,-0.227994292974472
2026-09-17T08:01:43.904254,1789632103904254200,5.279254150390625,-0.4567063152790069,-0.1882319301366806,-0.2715761363506317
2026-09-17T08:01:43.914213,1789632103914213000,5.289213134765625,-0.5501358509063721,-0.2439399361610412,-0.3113459050655365
2026-09-17T08:01:43.924172,1789632103924172300,5.29917236328125,-0.5986456274986267,-0.2512907683849334,-0.3479041755199432
2026-09-17T08:01:43.934131,1789632103934131200,5.309131103515625,-0.5701473951339722,-0.1877541542053222,-0.375716894865036
2026-09-17T08:01:43.944089,1789632103944089000,5.319089111328125,-0.4690364599227905,-0.0309152714908123,-0.3976717293262481
2026-09-17T08:01:43.954048,1789632103954048300,5.32904833984375,-0.3374643325805664,0.1580346673727035,-0.4036289751529693
2026-09-17T08:01:43.964007,1789632103964007200,5.339007080078125,-0.2281319946050644,0.3107520639896393,-0.3897443115711212
2026-09-17T08:01:43.973966,1789632103973966000,5.348966064453125,-0.1588144451379776,0.406854897737503,-0.3422636091709137
2026-09-17T08:01:43.983924,1789632103983924200,5.35892431640625,-0.1031700894236564,0.4496260583400726,-0.2259825468063354
2026-09-17T08:01:43.993883,1789632103993883100,5.368883056640625,-0.0377018675208091,0.434283047914505,-0.0517015568912029
2026-09-17T08:01:44.003842,1789632104003842000,5.378842041015625,0.0693726539611816,0.3981519341468811,0.1412948071956634
2026-09-17T08:01:44.013799,1789632104013799200,5.388799072265625,0.2253492027521133,0.3640376627445221,0.3000849783420563
2026-09-17T08:01:44.023758,1789632104023758000,5.398758056640625,0.4033535718917846,0.3303760886192322,0.3829713463783264
2026-09-17T08:01:44.033717,1789632104033717200,5.40871728515625,0.5560669302940369,0.2915354967117309,0.3905445635318756
2026-09-17T08:01:44.043676,1789632104043676200,5.41867626953125,0.6464096307754517,0.2538211345672607,0.3431863784790039
2026-09-17T08:01:44.053634,1789632104053634000,5.428634033203125,0.6533849835395813,0.2299123257398605,0.2628100514411926
2026-09-17T08:01:44.063593,1789632104063593200,5.43859326171875,0.5686677098274231,0.1787218451499939,0.1546793133020401
2026-09-17T08:01:44.073552,1789632104073552100,5.44855224609375,0.391785055398941,0.0850661844015121,0.0201864819973707
2026-09-17T08:01:44.083511,1789632104083511000,5.458510986328125,0.1572934538125991,-0.0295882187783718,-0.123586393892765
2026-09-17T08:01:44.093469,1789632104093469200,5.46846923828125,-0.0995647013187408,-0.1388238966464996,-0.2554512321949005
2026-09-17T08:01:44.103428,1789632104103428000,5.478427978515625,-0.333905816078186,-0.1650334000587463,-0.3573229908943176
2026-09-17T08:01:44.113387,1789632104113387000,5.488386962890625,-0.4872176051139831,-0.0909200236201286,-0.4135100841522217
2026-09-17T08:01:44.123346,1789632104123346200,5.49834619140625,-0.5345190763473511,0.0329902060329914,-0.4192918241024017
2026-09-17T08:01:44.133304,1789632104133304000,5.508303955078125,-0.493096262216568,0.160703957080841,-0.3867772817611694
2026-09-17T08:01:44.143263,1789632104143263000,5.518262939453125,-0.3858438432216644,0.2591304183006286,-0.3294048011302948
2026-09-17T08:01:44.153222,1789632104153222100,5.52822216796875,-0.2517766058444977,0.3287515640258789,-0.2700333595275879
2026-09-17T08:01:44.163181,1789632104163181000,5.53818115234375,-0.1333000212907791,0.373239129781723,-0.220707356929779
2026-09-17T08:01:44.173139,1789632104173139200,5.54813916015625,-0.0362267419695854,0.3954451084136963,-0.1849525570869445
2026-09-17T08:01:44.183098,1789632104183098000,5.55809814453125,0.0346943028271198,0.3860614597797394,-0.1549800038337707
2026-09-17T08:01:44.193057,1789632104193057000,5.56805712890625,0.079413041472435,0.3351894915103912,-0.1110956370830535
2026-09-17T08:01:44.203015,1789632104203015200,5.57801513671875,0.1093237996101379,0.2552650868892669,-0.0479678064584732
2026-09-17T08:01:44.212974,1789632104212974000,5.58797412109375,0.120587907731533,0.172512412071228,0.0260414406657218
2026-09-17T08:01:44.222933,1789632104222933000,5.59793310546875,0.1273320913314819,0.1181796640157699,0.1203988417983055
2026-09-17T08:01:44.232892,1789632104232892200,5.60789208984375,0.1323883682489395,0.0797118991613388,0.2112997174263
2026-09-17T08:01:44.242850,1789632104242850000,5.61785009765625,0.1219599694013595,0.0486706309020519,0.2707563936710357
2026-09-17T08:01:44.252809,1789632104252809000,5.62780908203125,0.0841116532683372,0.0249083116650581,0.2981472611427307
2026-09-17T08:01:44.262768,1789632104262768000,5.63776806640625,0.021970784291625,-0.0392219386994838,0.2899644374847412
2026-09-17T08:01:44.272727,1789632104272727000,5.64772705078125,-0.0456577949225902,-0.1389024704694748,0.2507025301456451
2026-09-17T08:01:44.282685,1789632104282685000,5.657684814453125,-0.0929286330938339,-0.2151591479778289,0.1924448013305664
2026-09-17T08:01:44.292644,1789632104292644000,5.66764404296875,-0.09647037088871,-0.2481187134981155,0.1159028932452201
2026-09-17T08:01:44.302603,1789632104302603000,5.67760302734375,-0.0632554292678833,-0.2388972342014312,0.0295781195163726
2026-09-17T08:01:44.312562,1789632104312562000,5.68756201171875,-0.0050501800142228,-0.2054399400949478,-0.0230062622576951
2026-09-17T08:01:44.322520,1789632104322520000,5.69752001953125,0.0584217384457588,-0.0968607366085052,-0.0293536409735679
2026-09-17T08:01:44.332479,1789632104332479000,5.70747900390625,0.1196901574730873,0.02643190510571,0.0052754431962966
2026-09-17T08:01:44.342438,1789632104342438000,5.71743798828125,0.1592924296855926,0.0880321487784385,0.0468907952308654
2026-09-17T08:01:44.352396,1789632104352396000,5.72739599609375,0.175835445523262,0.0516986474394798,0.0817774087190628
2026-09-17T08:01:44.362355,1789632104362355000,5.73735498046875,0.2026548087596893,-0.0530650503933429,0.121181808412075
2026-09-17T08:01:44.372313,1789632104372313900,5.74731396484375,0.2612776458263397,-0.1434932202100753,0.1782845109701156
2026-09-17T08:01:44.382273,1789632104382273300,5.757273193359375,0.3495475947856903,-0.1713117957115173,0.2295780628919601
2026-09-17T08:01:44.392231,1789632104392231000,5.76723095703125,0.4335357248783111,-0.1312527954578399,0.2711704969406128
2026-09-17T08:01:44.402190,1789632104402190000,5.777190185546875,0.4651474356651306,-0.0345510207116603,0.3092851340770721
2026-09-17T08:01:44.412149,1789632104412149200,5.787149169921875,0.4405757784843445,0.0865879133343696,0.338439017534256
2026-09-17T08:01:44.422108,1789632104422108200,5.797108154296875,0.3739693164825439,0.1713592559099197,0.3437823951244354
2026-09-17T08:01:44.432066,1789632104432066000,5.807066162109375,0.2738882601261139,0.1520643979310989,0.3016269505023956
2026-09-17T08:01:44.442025,1789632104442025200,5.817025146484375,0.1490653604269027,0.0503747873008251,0.2092655897140503
2026-09-17T08:01:44.451984,1789632104451984100,5.826984130859375,0.0295906215906143,-0.0492287650704383,0.0937517806887626
2026-09-17T08:01:44.461943,1789632104461943000,5.836943115234375,-0.0629393085837364,-0.0854118093848228,-0.0044536171481013
2026-09-17T08:01:44.471901,1789632104471901200,5.846901123046875,-0.1378756016492843,-0.064778171479702,-0.0931936055421829
2026-09-17T08:01:44.481860,1789632104481860000,5.856860107421875,-0.2018992155790329,-0.0075027951970696,-0.1699108034372329
2026-09-17T08:01:44.491819,1789632104491819300,5.8668193359375,-0.2616024911403656,0.0561331734061241,-0.2179805934429168
2026-09-17T08:01:44.501777,1789632104501777200,5.876777099609375,-0.3321224749088287,0.062528483569622,-0.2590864896774292
2026-09-17T08:01:44.511736,1789632104511736000,5.886736083984375,-0.4135057330131531,0.0390886738896369,-0.2793619334697723
2026-09-17T08:01:44.521695,1789632104521695200,5.8966953125,-0.4476434588432312,0.0515597276389598,-0.2344445288181305
2026-09-17T08:01:44.531654,1789632104531654100,5.906654052734375,-0.4093277752399444,0.0887994989752769,-0.1217683106660842
2026-09-17T08:01:44.541612,1789632104541612000,5.916612060546875,-0.2822699546813965,0.1621869057416916,0.0541169643402099
2026-09-17T08:01:44.551571,1789632104551571200,5.9265712890625,-0.0688239783048629,0.2549171149730682,0.2281193882226944
2026-09-17T08:01:44.561530,1789632104561530000,5.936530029296875,0.1719950139522552,0.2992661893367767,0.328290194272995
2026-09-17T08:01:44.571489,1789632104571489000,5.946489013671875,0.3833772838115692,0.3078056275844574,0.3467885255813598
2026-09-17T08:01:44.581447,1789632104581447200,5.956447265625,0.5298567414283752,0.2389964610338211,0.3430896401405334
2026-09-17T08:01:44.591406,1789632104591406000,5.966406005859375,0.5635595917701721,0.0616469830274581,0.3194258511066437
2026-09-17T08:01:44.601365,1789632104601365000,5.976364990234375,0.4972884058952331,-0.1475528329610824,0.2881968319416046
2026-09-17T08:01:44.611324,1789632104611324200,5.98632421875,0.3637918829917907,-0.3093515932559967,0.2589177787303924
2026-09-17T08:01:44.621282,1789632104621282000,5.996281982421875,0.198240727186203,-0.374108225107193,0.2332952469587326
2026-09-17T08:01:44.631241,1789632104631241000,6.006240966796875,0.0391280502080917,-0.3568485379219055,0.2169943004846573
2026-09-17T08:01:44.641200,1789632104641200000,6.0162001953125,-0.0773644745349884,-0.2770650386810303,0.2032092362642288
2026-09-17T08:01:44.651159,1789632104651159000,6.026158935546875,-0.1467547416687011,-0.1663326472043991,0.2055914402008056
2026-09-17T08:01:44.661117,1789632104661117200,6.0361171875,-0.190120056271553,-0.0847824066877365,0.2083158493041992
2026-09-17T08:01:44.671076,1789632104671076000,6.046076171875,-0.1991021037101745,-0.0475285090506076,0.2114043235778808
2026-09-17T08:01:44.681035,1789632104681035000,6.056034912109375,-0.1702491492033004,-0.0455218143761158,0.2067472487688064
2026-09-17T08:01:44.690993,1789632104690993200,6.0659931640625,-0.1179057732224464,-0.0841573625802993,0.194803774356842
2026-09-17T08:01:44.700952,1789632104700952000,6.0759521484375,-0.0569657236337661,-0.1189949735999107,0.1774165332317352
2026-09-17T08:01:44.710911,1789632104710911000,6.085910888671875,0.0055407951585948,-0.0933798924088478,0.1561988592147827
2026-09-17T08:01:44.720870,1789632104720870100,6.0958701171875,0.0638991743326187,-0.0367317870259285,0.1183425560593605
2026-09-17T08:01:44.730828,1789632104730828000,6.105828125,0.1113463193178176,0.0367219224572181,0.0700053796172142
2026-09-17T08:01:44.740787,1789632104740787000,6.115786865234375,0.1611857712268829,0.1543321758508682,0.045216679573059
2026-09-17T08:01:44.750746,1789632104750746000,6.12574609375,0.1950859576463699,0.2887067794799804,0.0505203641951084
2026-09-17T08:01:44.760705,1789632104760705000,6.135705078125,0.2209503054618835,0.346232920885086,0.0850802063941955
2026-09-17T08:01:44.770663,1789632104770663000,6.145662841796875,0.2448471188545227,0.3551134765148163,0.1344141960144043
2026-09-17T08:01:44.780622,1789632104780622000,6.1556220703125,0.2577213644981384,0.310077041387558,0.1801260262727737
2026-09-17T08:01:44.790581,1789632104790581000,6.1655810546875,0.2525330185890198,0.1855659931898117,0.1993553787469864
2026-09-17T08:01:44.800540,1789632104800540000,6.175539794921875,0.2357505559921264,0.0558892264962196,0.1955515891313552
2026-09-17T08:01:44.810498,1789632104810498000,6.185498046875,0.2009036242961883,-0.0191985983401536,0.1726912856101989
2026-09-17T08:01:44.820457,1789632104820457000,6.19545703125,0.1393092423677444,-0.0224447268992662,0.132170483469963
2026-09-17T08:01:44.830416,1789632104830416000,6.205415771484375,0.0588133372366428,0.000788158038631,0.0736461877822876
2026-09-17T08:01:44.840375,1789632104840375300,6.215375244140625,-0.00499307224527,0.0288251191377639,0.026339927688241
2026-09-17T08:01:44.850333,1789632104850333000,6.2253330078125,-0.0324910096824169,0.0605859793722629,0.0020281963516026
2026-09-17T08:01:44.860292,1789632104860292000,6.2352919921875,-0.0322103090584278,0.0578519776463508,-0.0112537872046232
2026-09-17T08:01:44.870251,1789632104870251300,6.245251220703125,-0.0157860647886991,0.0114418677985668,-0.0197905488312244
2026-09-17T08:01:44.880209,1789632104880209000,6.255208984375,0.0266439486294984,-0.0613702870905399,-0.0229429323226213
2026-09-17T08:01:44.890168,1789632104890168000,6.26516796875,0.0869594886898994,-0.1097828298807144,-0.0264564417302608
2026-09-17T08:01:44.900127,1789632104900127200,6.275127197265625,0.1494068801403045,-0.1248129084706306,-0.0424106419086456
2026-09-17T08:01:44.910086,1789632104910086100,6.285086181640625,0.1905684322118759,-0.0397965535521507,-0.0469633154571056
2026-09-17T08:01:44.920044,1789632104920044300,6.295044189453125,0.2126609534025192,0.1054389327764511,-0.0282793752849102
2026-09-17T08:01:44.930003,1789632104930003200,6.305003173828125,0.2170775383710861,0.2371234595775604,0.0065310690551996
2026-09-17T08:01:44.939962,1789632104939962000,6.314962158203125,0.1936441212892532,0.2765622138977051,0.0377249419689178
2026-09-17T08:01:44.949921,1789632104949921000,6.324921142578125,0.1508407294750213,0.2431994676589965,0.0528431758284568
2026-09-17T08:01:44.959879,1789632104959879200,6.334879150390625,0.110564149916172,0.1615786403417587,0.0526881776750087
2026-09-17T08:01:44.969838,1789632104969838000,6.344838134765625,0.0877637639641761,0.0257885828614234,0.0433801636099815
2026-09-17T08:01:44.979797,1789632104979797200,6.35479736328125,0.0826302543282508,-0.0976995378732681,0.0393409468233585
2026-09-17T08:01:44.989756,1789632104989756200,6.364756103515625,0.0906309261918068,-0.1735396981239318,0.0476518757641315
2026-09-17T08:01:44.999714,1789632104999714000,6.374714111328125,0.1203683093190193,-0.1545028835535049,0.0679249241948127
2026-09-17T08:01:45.009673,1789632105009673200,6.384673095703125,0.1660780012607574,-0.0679951682686805,0.0981227681040763
2026-09-17T08:01:45.019633,1789632105019633400,6.39463330078125,0.2166266590356826,-0.0027887334581464,0.1343771815299987
2026-09-17T08:01:45.029592,1789632105029592600,6.404592529296875,0.2549082636833191,0.058666106313467,0.1675042361021042
2026-09-17T08:01:45.039550,1789632105039550500,6.414550537109375,0.240039050579071,0.0719488859176635,0.160623699426651
2026-09-17T08:01:45.049509,1789632105049509600,6.424509521484375,0.1574482917785644,-0.0166864395141601,0.1079761981964111
2026-09-17T08:01:45.059468,1789632105059468500,6.434468505859375,0.0399131514132022,-0.0900655835866928,0.0466329492628574
2026-09-17T08:01:45.069426,1789632105069426400,6.444426513671875,-0.0956324264407157,-0.122895710170269,-0.0096841193735599
2026-09-17T08:01:45.079385,1789632105079385600,6.454385498046875,-0.2171876281499862,-0.1943917125463485,-0.0627729073166847
2026-09-17T08:01:45.089344,1789632105089344500,6.464344482421875,-0.3192830979824066,-0.317878246307373,-0.1016601175069809
2026-09-17T08:01:45.099303,1789632105099303400,6.474303466796875,-0.4001047015190124,-0.4891115128993988,-0.1299926936626434
2026-09-17T08:01:45.109261,1789632105109261600,6.484261474609375,-0.4354943931102752,-0.5752381086349487,-0.1533930897712707
2026-09-17T08:01:45.119220,1789632105119220500,6.494220458984375,-0.4060640633106231,-0.5007303357124329,-0.1651221811771392
2026-09-17T08:01:45.129179,1789632105129179400,6.504179443359375,-0.2995493412017822,-0.2558140754699707,-0.165531501173973
2026-09-17T08:01:45.139138,1789632105139138600,6.514138671875,-0.1232901588082313,0.0521046072244644,-0.1370732337236404
2026-09-17T08:01:45.149096,1789632105149096400,6.524096435546875,0.0991170853376388,0.3144068121910095,-0.0783792957663536
2026-09-17T08:01:45.159055,1789632105159055400,6.534055419921875,0.3196997940540313,0.4469781517982483,-0.0274868179112672
2026-09-17T08:01:45.169014,1789632105169014500,6.5440146484375,0.5190589427947998,0.4436076581478119,-0.0072633065283298
2026-09-17T08:01:45.178973,1789632105178973400,6.553973388671875,0.6672348380088806,0.3372868299484253,-0.00233113206923
2026-09-17T08:01:45.188931,1789632105188931600,6.563931640625,0.7565468549728394,0.2055141478776931,0.0212982967495918
2026-09-17T08:01:45.198890,1789632105198890500,6.573890380859375,0.7689803838729858,0.1036950945854187,0.0339147560298442
2026-09-17T08:01:45.208849,1789632105208849400,6.583849365234375,0.7036668658256531,0.0190883353352546,0.0129634011536836
2026-09-17T08:01:45.218808,1789632105218808300,6.593808349609375,0.5682302117347717,-0.0387272946536541,-0.0466517247259616
2026-09-17T08:01:45.228766,1789632105228766500,6.603766357421875,0.3888892531394958,-0.1053867489099502,-0.1373904198408126
2026-09-17T08:01:45.238725,1789632105238725400,6.613725341796875,0.1952252388000488,-0.1766326874494552,-0.2463371455669403
2026-09-17T08:01:45.248684,1789632105248684300,6.623684326171875,0.0199732631444931,-0.1873971968889236,-0.3561224937438965
2026-09-17T08:01:45.258642,1789632105258642400,6.633642333984375,-0.1196573376655578,-0.1060602664947509,-0.4589847028255462
2026-09-17T08:01:45.268601,1789632105268601300,6.643601318359375,-0.2230497747659683,0.0201543997973203,-0.533323347568512
2026-09-17T08:01:45.278560,1789632105278560500,6.653560546875,-0.2868934571743011,0.1425697952508926,-0.551165759563446
2026-09-17T08:01:45.288519,1789632105288519400,6.66351953125,-0.313573807477951,0.2138061672449112,-0.5361913442611694
2026-09-17T08:01:45.298477,1789632105298477300,6.673477294921875,-0.2956992089748382,0.2482674717903137,-0.5173050165176392
2026-09-17T08:01:45.308436,1789632105308436500,6.6834365234375,-0.2284735739231109,0.2750482261180877,-0.4909175932407379
2026-09-17T08:01:45.318395,1789632105318395400,6.6933955078125,-0.1192157864570617,0.2777228355407715,-0.4360652565956116
2026-09-17T08:01:45.328354,1789632105328354300,6.703354248046875,-0.0032329889945685,0.252027302980423,-0.3466163277626037
2026-09-17T08:01:45.338312,1789632105338312400,6.7133125,0.0938882380723953,0.2143337279558181,-0.2408134788274765
2026-09-17T08:01:45.348271,1789632105348271400,6.723271240234375,0.1668796092271804,0.1718810796737671,-0.1438017040491104
2026-09-17T08:01:45.358230,1789632105358230300,6.733230224609375,0.2185164391994476,0.1686378866434097,-0.0631513372063636
2026-09-17T08:01:45.368189,1789632105368189700,6.743189697265625,0.2465829700231552,0.1993995308876037,0.0060554286465048
2026-09-17T08:01:45.378147,1789632105378147300,6.753147216796875,0.246914267539978,0.2323257774114608,0.0722664073109626
2026-09-17T08:01:45.388106,1789632105388106200,6.763106201171875,0.2264886200428009,0.2497449815273285,0.1351827830076217
2026-09-17T08:01:45.398065,1789632105398065700,6.773065673828125,0.186770498752594,0.2181684225797653,0.1764833629131317
2026-09-17T08:01:45.408024,1789632105408024600,6.783024658203125,0.1172287091612815,0.1418233066797256,0.2069129049777984
2026-09-17T08:01:45.417982,1789632105417982500,6.792982421875,0.0356672741472721,0.031390007585287,0.2037586569786071
2026-09-17T08:01:45.427941,1789632105427941600,6.802941650390625,-0.0494625344872474,-0.0497248172760009,0.1844502091407776
2026-09-17T08:01:45.437900,1789632105437900500,6.812900634765625,-0.11958809196949,-0.1024103984236717,0.1502874344587326
2026-09-17T08:01:45.447858,1789632105447858700,6.822858642578125,-0.1654432117938995,-0.1250573843717575,0.1111656054854393
2026-09-17T08:01:45.457817,1789632105457817600,6.832817626953125,-0.1663715839385986,-0.0802758038043975,0.084596574306488
2026-09-17T08:01:45.467776,1789632105467776500,6.842776611328125,-0.1107346788048744,0.0242040026932954,0.0754709914326667
2026-09-17T08:01:45.477735,1789632105477735400,6.8527353515625,-0.0231776684522628,0.1085590943694114,0.0806180834770202
2026-09-17T08:01:45.487693,1789632105487693600,6.862693603515625,0.0640134289860725,0.1647195816040039,0.1007369309663772
2026-09-17T08:01:45.497652,1789632105497652500,6.872652587890625,0.1161048784852027,0.1393245607614517,0.1064160391688346
2026-09-17T08:01:45.507611,1789632105507611400,6.882611328125,0.1245918422937393,0.0655062571167945,0.1112653911113739
2026-09-17T08:01:45.517570,1789632105517570600,6.892570556640625,0.1052780598402023,-0.0054358290508389,0.129051849246025
2026-09-17T08:01:45.527528,1789632105527528400,6.902528564453125,0.065560482442379,-0.0587102361023426,0.1471056938171386
2026-09-17T08:01:45.537487,1789632105537487600,6.912487548828125,0.0223357770591974,-0.0751043930649757,0.1574885547161102
2026-09-17T08:01:45.547446,1789632105547446500,6.922446533203125,-0.0069752386771142,-0.0404769033193588,0.169474646449089
2026-09-17T08:01:45.557405,1789632105557405400,6.932405517578125,-0.0071643232367932,-0.0015010081697255,0.1707814484834671
2026-09-17T08:01:45.567363,1789632105567363600,6.942363525390625,0.0074569638818502,0.0304404143244028,0.1517830044031143
2026-09-17T08:01:45.577322,1789632105577322500,6.952322509765625,0.0236897282302379,0.0746954903006553,0.1305725127458572
2026-09-17T08:01:45.587281,1789632105587281400,6.962281494140625,0.0385754704475402,0.1177308410406112,0.0973423868417739
2026-09-17T08:01:45.597240,1789632105597240300,6.972240234375,0.0327157154679298,0.137529581785202,0.0558367520570755
2026-09-17T08:01:45.607198,1789632105607198500,6.982198486328125,0.021901149302721,0.1645686626434326,0.0319295562803745
2026-09-17T08:01:45.617157,1789632105617157400,6.992157470703125,0.0210111215710639,0.1635888814926147,0.0290533453226089
2026-09-17T08:01:45.627116,1789632105627116500,7.002116455078125,0.0393975861370563,0.1604729890823364,0.043878361582756
2026-09-17T08:01:45.637074,1789632105637074400,7.012074462890625,0.0734333172440528,0.170608177781105,0.0662060379981994
2026-09-17T08:01:45.647033,1789632105647033300,7.022033447265625,0.1259782910346985,0.2086399793624878,0.0992667824029922
2026-09-17T08:01:45.656992,1789632105656992500,7.031992431640625,0.1919101625680923,0.2487780749797821,0.1361113637685775
2026-09-17T08:01:45.666951,1789632105666951400,7.041951416015625,0.2503329813480377,0.2528833448886871,0.1419849544763565
2026-09-17T08:01:45.676909,1789632105676909600,7.05190966796875,0.3009711503982544,0.2465711236000061,0.1248107627034187
2026-09-17T08:01:45.686868,1789632105686868500,7.061868408203125,0.3365461826324463,0.252857506275177,0.1060791537165641
2026-09-17T08:01:45.696827,1789632105696827400,7.071827392578125,0.3288291394710541,0.2704572677612304,0.0900469198822975
2026-09-17T08:01:45.706786,1789632105706786300,7.081786376953125,0.2682390213012695,0.2743795812129974,0.0668244212865829
2026-09-17T08:01:45.716744,1789632105716744400,7.091744384765625,0.1384962052106857,0.2150637954473495,0.016972180455923
2026-09-17T08:01:45.726703,1789632105726703400,7.101703369140625,-0.0401939116418361,0.0933751687407493,-0.0367970429360866
2026-09-17T08:01:45.736662,1789632105736662300,7.111662353515625,-0.2352912276983261,-0.0611190646886825,-0.0803000479936599
2026-09-17T08:01:45.746621,1789632105746621400,7.121621337890625,-0.3936028480529785,-0.1625234484672546,-0.087984599173069
2026-09-17T08:01:45.756579,1789632105756579300,7.131579345703125,-0.4822759926319122,-0.2158905267715454,-0.0302520561963319
2026-09-17T08:01:45.766538,1789632105766538500,7.14153857421875,-0.4873679578304291,-0.2255506068468094,0.0803253203630447
2026-09-17T08:01:45.776497,1789632105776497400,7.151497314453125,-0.4386414289474487,-0.1829943656921386,0.1800050437450409
2026-09-17T08:01:45.786456,1789632105786456300,7.161456298828125,-0.3490763902664184,-0.0939683616161346,0.2490909099578857
2026-09-17T08:01:45.796414,1789632105796414500,7.17141455078125,-0.2397112697362899,0.0131903197616338,0.2780812680721283
2026-09-17T08:01:45.806373,1789632105806373400,7.181373291015625,-0.1501395851373672,0.0866847783327102,0.2711375951766968
2026-09-17T08:01:45.816332,1789632105816332300,7.191332275390625,-0.0912586972117424,0.1109277978539466,0.2397637218236923
2026-09-17T08:01:45.826290,1789632105826290400,7.20129052734375,-0.055029846727848,0.0875207409262657,0.2145188152790069
2026-09-17T08:01:45.836249,1789632105836249300,7.211249267578125,-0.0261771623045206,0.0448555685579776,0.2026837319135666
2026-09-17T08:01:45.846208,1789632105846208500,7.22120849609375,0.0016864263452589,0.0251199509948492,0.2026139497756958
2026-09-17T08:01:45.856167,1789632105856167700,7.231167724609375,0.0310970451682806,0.0261343494057655,0.2090590745210647
2026-09-17T08:01:45.866125,1789632105866125300,7.241125244140625,0.0522686466574668,0.0375774167478084,0.2233772873878479
2026-09-17T08:01:45.876084,1789632105876084500,7.25108447265625,0.0609769150614738,0.0273764468729496,0.2547735571861267
2026-09-17T08:01:45.886043,1789632105886043600,7.261043701171875,0.0546194165945053,0.0173437856137752,0.3000400960445404
2026-09-17T08:01:45.896002,1789632105896002600,7.27100244140625,0.0457079485058784,0.012522398494184,0.3531184792518616
2026-09-17T08:01:45.905960,1789632105905960400,7.28096044921875,0.0387144871056079,-0.0234846025705337,0.3844825327396393
2026-09-17T08:01:45.915919,1789632105915919600,7.290919677734375,0.0239749532192945,-0.1090042963624,0.3939812481403351
2026-09-17T08:01:45.925878,1789632105925878500,7.30087841796875,0.0009495296981185,-0.2079308778047561,0.384836196899414
2026-09-17T08:01:45.935837,1789632105935837400,7.31083740234375,-0.0322659462690353,-0.3238399028778076,0.3381541967391968
2026-09-17T08:01:45.945795,1789632105945795600,7.320795654296875,-0.0428594686090946,-0.4080644845962524,0.2453648746013641
2026-09-17T08:01:45.955754,1789632105955754500,7.33075439453125,-0.2055554389953613,-0.5246425271034241,0.1483003795146942
2026-09-17T08:01:45.965713,1789632105965713400,7.34071337890625,-0.3650305867195129,-0.3833852410316467,0.0860926583409309
2026-09-17T08:01:45.975672,1789632105975672600,7.350672607421875,-0.44284388422966,-0.0920484885573387,0.0456506945192813
2026-09-17T08:01:45.985630,1789632105985630500,7.36063037109375,-0.4427530765533447,0.1112447157502174,0.0281183086335659
